{
    "business_discovery": {
      "ig_id": 32765190979,
      "name": "Bagel",
      "profile_picture_url": "https://scontent.fhkg10-1.fna.fbcdn.net/v/t51.2885-15/279236810_975881409742825_2071841784831192913_n.jpg?_nc_cat=105&ccb=1-7&_nc_sid=7d201b&_nc_ohc=6P59j_RpiAUAX_nOnjt&_nc_ht=scontent.fhkg10-1.fna&edm=AL-3X8kEAAAA&oh=00_AfCc9M5Gi7Kg6Xr2uNB8ZZDf6xD9HUA8vdH2vT8JR0H-Nw&oe=655548DF",
      "username": "bagel_the_meow",
      "followers_count": 54475,
      "media_count": 256,
      "media": {
        "data": [
          {
            "caption": "係喔，禮拜一你地好似要返工？😌😌😌😌
  
  #britishshorthair #cat #cats #catlover #catmemes #catlife #catsofinstagram #meow #貓 #貓咪 #貓星人 #猫 #ねこ #ねこ部 #鏟屎官 #鏟屎官日常 #鏟屎官視角 #貓 #貓貓 #毛孩 #喵星人 #英短金渐层 #英短藍貓 #英短貓 #金影貓 #金漸層 #擼貓 #貓奴 #貓奴生活 #萌貓 #傻貓 #catmemes",
            "comments_count": 30,
            "like_count": 5556,
            "timestamp": "2023-11-06T12:58:25+0000",
            "id": "18282333064195173"
          },
          {
            "caption": "做驢仔😑😑😑🐎
  
  #britishshorthair #cat #cats #catlover #catmemes #catlife #catsofinstagram #meow #貓 #貓咪 #貓星人 #猫 #ねこ #ねこ部 #鏟屎官 #鏟屎官日常 #鏟屎官視角 #貓 #貓貓 #毛孩 #喵星人 #英短金渐层 #英短藍貓 #英短貓 #金影貓 #金漸層 #擼貓 #貓奴 #貓奴生活 #萌貓 #傻貓 #catmemes",
            "comments_count": 12,
            "like_count": 2969,
            "timestamp": "2023-10-31T13:27:46+0000",
            "id": "17977198805384651"
          },
          {
            "caption": "F個YI 連續三日換三套衫玩鳩我
  最L慘係唔L型好唔好
  
  #britishshorthair #cat #cats #catlover #catmemes #catlife #catsofinstagram #meow #貓 #貓咪 #貓星人 #猫 #ねこ #ねこ部 #鏟屎官 #鏟屎官日常 #鏟屎官視角 #貓 #貓貓 #毛孩 #喵星人 #英短金渐层 #英短藍貓 #英短貓 #金影貓 #金漸層 #擼貓 #貓奴 #貓奴生活 #萌貓 #傻貓 #catmemes",
            "comments_count": 41,
            "like_count": 4569,
            "timestamp": "2023-10-30T13:16:46+0000",
            "id": "18104685547351684"
          },
          {
            "caption": "究竟係意外定一個陷阱，點解次L次都係咁😤😤😤
  
  #britishshorthair #cat #cats #catlover #catmemes #catlife #catsofinstagram #meow #貓 #貓咪 #貓星人 #猫 #ねこ #ねこ部 #鏟屎官 #鏟屎官日常 #鏟屎官視角 #貓 #貓貓 #毛孩 #喵星人 #英短金渐层 #英短藍貓 #英短貓 #金影貓 #金漸層 #擼貓 #貓奴 #貓奴生活 #萌貓 #傻貓 #catmemes",
            "comments_count": 29,
            "like_count": 6019,
            "timestamp": "2023-10-22T13:31:02+0000",
            "id": "18283732648159232"
          },
          {
            "caption": "我屋企個廁所每日都好似爆💩渠咁，嬲唔嬲？
  
  #britishshorthair #cat #cats #catlover #catmemes #catlife #catsofinstagram #meow #貓 #貓咪 #貓星人 #猫 #ねこ #ねこ部 #鏟屎官 #鏟屎官日常 #鏟屎官視角 #貓 #貓貓 #毛孩 #喵星人 #英短金渐层 #英短藍貓 #英短貓 #金影貓 #金漸層 #擼貓 #貓奴 #貓奴生活 #萌貓 #傻貓 #catmemes",
            "comments_count": 42,
            "like_count": 4293,
            "timestamp": "2023-10-13T14:04:37+0000",
            "id": "17892369926843322"
          },
          {
            "caption": "冇貢獻就咪L咁串😤😤😤
  
  #britishshorthair #cat #cats #catlover #catmemes #catlife #catsofinstagram #meow #貓 #貓咪 #貓星人 #猫 #ねこ #ねこ部 #鏟屎官 #鏟屎官日常 #鏟屎官視角 #貓 #貓貓 #毛孩 #喵星人 #英短金渐层 #英短藍貓 #英短貓 #金影貓 #金漸層 #擼貓 #貓奴 #貓奴生活 #萌貓 #傻貓 #catmemes",
            "comments_count": 63,
            "like_count": 18100,
            "timestamp": "2023-10-04T13:33:00+0000",
            "id": "17897226473890144"
          },
          {
            "caption": "唔好問我食唔食得曬！我買得起依家💳！！！😎😎
  
  #britishshorthair #cat #cats #catlover #catmemes #catlife #catsofinstagram #meow #貓 #貓咪 #貓星人 #猫 #ねこ #ねこ部 #鏟屎官 #鏟屎官日常 #鏟屎官視角 #貓 #貓貓 #毛孩 #喵星人 #英短金渐层 #英短藍貓 #英短貓 #金影貓 #金漸層 #擼貓 #貓奴 #貓奴生活 #萌貓 #傻貓 #catmemes",
            "comments_count": 62,
            "like_count": 7338,
            "timestamp": "2023-09-26T13:14:11+0000",
            "id": "18010278058785340"
          },
          {
            "caption": "無人梳理似廢墟
  
  #britishshorthair #cat #cats #catlover #catmemes #catlife #catsofinstagram #meow #貓 #貓咪 #貓星人 #猫 #ねこ #ねこ部 #鏟屎官 #鏟屎官日常 #鏟屎官視角 #貓 #貓貓 #毛孩 #喵星人 #英短金渐层 #英短藍貓 #英短貓 #金影貓 #金漸層 #擼貓 #貓奴 #貓奴生活 #萌貓 #傻貓 #catmemes",
            "comments_count": 35,
            "like_count": 7714,
            "timestamp": "2023-09-15T12:48:48+0000",
            "id": "18004950553950762"
          },
          {
            "caption": "你地落場時間係唔係都係咁L樣，想靜靜地Lam下毛都係罪？
  
  #britishshorthair #cat #cats #catlover #catmemes #catlife #catsofinstagram #meow #貓 #貓咪 #貓星人 #猫 #ねこ #ねこ部 #鏟屎官 #鏟屎官日常 #鏟屎官視角 #貓 #貓貓 #毛孩 #喵星人 #英短金渐层 #英短藍貓 #英短貓 #金影貓 #金漸層 #擼貓 #貓奴 #貓奴生活 #萌貓 #傻貓 #catmemes",
            "comments_count": 22,
            "like_count": 4073,
            "timestamp": "2023-09-11T14:18:59+0000",
            "id": "17975283920331449"
          },
          {
            "caption": "我都係想大下你條柒頭，點L知你真係鎖門！隔離屋強仔見到仲以為我比人罰企好L冇面咯！😤😤😤
  
  #britishshorthair #cat #cats #catlover #catmemes #catlife #catsofinstagram #meow #貓 #貓咪 #貓星人 #猫 #ねこ #ねこ部 #鏟屎官 #鏟屎官日常 #鏟屎官視角 #貓 #貓貓 #毛孩 #喵星人 #英短金渐层 #英短藍貓 #英短貓 #金影貓 #金漸層 #擼貓 #貓奴 #貓奴生活 #萌貓 #傻貓 #catmemes",
            "comments_count": 57,
            "like_count": 8007,
            "timestamp": "2023-09-07T12:46:50+0000",
            "id": "17951248247671925"
          },
          {
            "caption": "#britishshorthair #cat #cats #catlover #catmemes #catlife #catsofinstagram #meow #貓 #貓咪 #貓星人 #猫 #ねこ #ねこ部 #鏟屎官 #鏟屎官日常 #鏟屎官視角 #貓 #貓貓 #毛孩 #喵星人 #英短金渐层 #英短藍貓 #英短貓 #金影貓 #金漸層 #擼貓 #貓奴 #貓奴生活 #萌貓 #傻貓 #catmemes",
            "comments_count": 257,
            "like_count": 5448,
            "timestamp": "2023-09-01T04:00:00+0000",
            "id": "17978572259256534"
          },
          {
            "caption": "曬你冷冷～🐱🐱🐱
  
  #britishshorthair #cat #cats #catlover #catmemes #catlife #catsofinstagram #meow #貓 #貓咪 #貓星人 #猫 #ねこ #ねこ部 #鏟屎官 #鏟屎官日常 #鏟屎官視角 #貓 #貓貓 #毛孩 #喵星人 #英短金渐层 #英短藍貓 #英短貓 #金影貓 #金漸層 #擼貓 #貓奴 #貓奴生活 #萌貓 #傻貓 #catmemes",
            "comments_count": 30,
            "like_count": 5870,
            "timestamp": "2023-08-30T03:35:00+0000",
            "id": "18029426104592184"
          },
          {
            "caption": "Breaking News 今次真係太L過份🔪
  
  #britishshorthair #cat #cats #catlover #catmemes #catlife #catsofinstagram #meow #貓 #貓咪 #貓星人 #猫 #ねこ #ねこ部 #鏟屎官 #鏟屎官日常 #鏟屎官視角 #貓 #貓貓 #毛孩 #喵星人 #英短金渐层 #英短藍貓 #英短貓 #金影貓 #金漸層 #擼貓 #貓奴 #貓奴生活 #萌貓 #傻貓 #catmemes",
            "comments_count": 38,
            "like_count": 5516,
            "timestamp": "2023-08-25T12:45:00+0000",
            "id": "17936857457708593"
          },
          {
            "caption": "問題天天都多😫😫😫
  
  #britishshorthair #cat #cats #catlover #catmemes #catlife #catsofinstagram #meow #貓 #貓咪 #貓星人 #猫 #ねこ #ねこ部 #鏟屎官 #鏟屎官日常 #鏟屎官視角 #貓 #貓貓 #毛孩 #喵星人 #英短金渐层 #英短藍貓 #英短貓 #金影貓 #金漸層 #擼貓 #貓奴 #貓奴生活 #萌貓 #傻貓 #catmemes",
            "comments_count": 28,
            "like_count": 3155,
            "timestamp": "2023-08-20T13:20:37+0000",
            "id": "17921840963682202"
          },
          {
            "caption": "柒頭父親節快樂
  係唔係過咗啦
  你唔L好嬲啦😭
  
  #britishshorthair #cat #cats #catlover #catmemes #catlife #catsofinstagram #meow #貓 #貓咪 #貓星人 #猫 #ねこ #ねこ部 #鏟屎官 #鏟屎官日常 #鏟屎官視角 #貓 #貓貓 #毛孩 #喵星人 #英短金渐层 #英短藍貓 #英短貓 #金影貓 #金漸層 #擼貓 #貓奴 #貓奴生活 #萌貓 #傻貓 #catmemes 
  
  #britishshorthair #cat #cats #catlover #catmemes #catlife #catsofinstagram #meow #貓 #貓咪 #貓星人 #猫 #ねこ #ねこ部 #鏟屎官 #鏟屎官日常 #鏟屎官視角 #貓 #貓貓 #毛孩 #喵星人 #英短金渐层 #英短藍貓 #英短貓 #金影貓 #金漸層 #擼貓 #貓奴 #貓奴生活 #萌貓 #傻貓 #catmemes",
            "comments_count": 32,
            "like_count": 7606,
            "timestamp": "2023-08-14T14:08:40+0000",
            "id": "17996199233037603"
          },
          {
            "caption": "🐱明明我好L有義氣，咁出到嚟D女好難控制㗎嘛老皮！
  
  #britishshorthair #cat #cats #catlover #catmemes #catlife #catsofinstagram #meow #貓 #貓咪 #貓星人 #猫 #ねこ #ねこ部 #鏟屎官 #鏟屎官日常 #鏟屎官視角 #貓 #貓貓 #毛孩 #喵星人 #英短金渐层 #英短藍貓 #英短貓 #金影貓 #金漸層 #擼貓 #貓奴 #貓奴生活 #萌貓 #傻貓 #catmemes",
            "comments_count": 70,
            "like_count": 5397,
            "timestamp": "2023-08-07T13:11:52+0000",
            "id": "17972440982526167"
          },
          {
            "caption": "我都話唔L想出去打暑期工㗎啦
  老豆呢個柒頭又逼鳩我去樓下M記
  依家我肥L曬啦🍟🍔
  
  #britishshorthair #cat #cats #catlover #catmemes #catlife #catsofinstagram #meow #貓 #貓咪 #貓星人 #猫 #ねこ #ねこ部 #鏟屎官 #鏟屎官日常 #鏟屎官視角 #貓 #貓貓 #毛孩 #喵星人 #英短金渐层 #英短藍貓 #英短貓 #金影貓 #金漸層 #擼貓",
            "comments_count": 15,
            "like_count": 5377,
            "timestamp": "2023-07-30T10:35:58+0000",
            "id": "18271803205198568"
          },
          {
            "caption": "不如你地幻想下自己用自己個頭做杯，撒旦之子都唔夠你地Cult🥲🥲
  
  #britishshorthair #cat #cats #catlover #catmemes #catlife #catsofinstagram #meow #貓 #貓咪 #貓星人 #猫 #ねこ #ねこ部 #鏟屎官 #鏟屎官日常 #鏟屎官視角 #貓 #貓貓 #毛孩 #喵星人 #英短金渐层 #英短藍貓 #英短貓 #金影貓 #金漸層 #擼貓 #貓奴 #貓奴生活 #萌貓 #傻貓 #catmemes",
            "comments_count": 31,
            "like_count": 3299,
            "timestamp": "2023-07-24T14:05:57+0000",
            "id": "17967065849530301"
          },
          {
            "caption": "Shy，你地屌鳩每一個人都有我嘅陪伴☺️☺️☺️
  From 暖男Bagel
  
  #britishshorthair #cat #cats #catlover #catmemes #catlife #catsofinstagram #meow #貓 #貓咪 #貓星人 #猫 #ねこ #ねこ部 #鏟屎官 #鏟屎官日常 #鏟屎官視角 #貓 #貓貓 #毛孩 #喵星人 #英短金渐层 #英短藍貓 #英短貓 #金影貓 #金漸層 #擼貓 #貓奴 #貓奴生活 #萌貓 #傻貓 #catmemes",
            "comments_count": 65,
            "like_count": 4686,
            "timestamp": "2023-07-21T14:23:05+0000",
            "id": "18060396274421447"
          },
          {
            "caption": "你地D老母係唔係成日係你訓覺個陣，突然超級多噪音🫠
  
  #catmemes #catlife #catsofinstagram #meow #貓 #貓咪 #貓星人 #猫 #ねこ #ねこ部 #鏟屎官 #鏟屎官日常 #鏟屎官視角 #貓 #貓貓 #毛孩 #喵星人 #英短金渐层 #英短藍貓 #英短貓 #金影貓 #金漸層 #擼貓 #貓奴 #貓奴生活 #萌貓 #傻貓 #catmemes",
            "comments_count": 39,
            "like_count": 6936,
            "timestamp": "2023-07-20T13:21:37+0000",
            "id": "18375220732036317"
          },
          {
            "caption": "你地面試僕人都要Check下佢哋D Taste先啊🫠🫠
  
  #catmemes #catlife #catsofinstagram #meow #貓 #貓咪 #貓星人 #猫 #ねこ #ねこ部 #鏟屎官 #鏟屎官日常 #鏟屎官視角 #貓 #貓貓 #毛孩 #喵星人 #英短金渐层 #英短藍貓 #英短貓 #金影貓 #金漸層 #擼貓 #貓奴 #貓奴生活 #萌貓 #傻貓 #catmemes",
            "comments_count": 24,
            "like_count": 4145,
            "timestamp": "2023-07-15T04:53:02+0000",
            "id": "18368925076039377"
          },
          {
            "caption": "谷翻大舊肌肉先有運行，識唔識Do啊老母
  
  #catmemes #catlife #catsofinstagram #meow #貓 #貓咪 #貓星人 #猫 #ねこ #ねこ部 #鏟屎官 #鏟屎官日常 #鏟屎官視角 #貓 #貓貓 #毛孩 #喵星人 #英短金渐层 #英短藍貓 #英短貓 #金影貓 #金漸層 #擼貓 #貓奴 #貓奴生活 #萌貓 #傻貓 #catmemes",
            "comments_count": 69,
            "like_count": 16424,
            "timestamp": "2023-07-09T05:13:33+0000",
            "id": "17982762398261136"
          },
          {
            "caption": "出門前照下塊鏡🪞今日肌肉線條明唔明顯？唔L洗講，大隻佬就係我😎
  
  #britishshorthair #cat #cats #catlover #catmemes #catlife #catsofinstagram #meow #貓 #貓咪 #貓星人 #猫 #ねこ #ねこ部 #鏟屎官 #鏟屎官日常 #鏟屎官視角 #貓 #貓貓 #毛孩 #喵星人 #英短金渐层 #英短藍貓 #英短貓 #金影貓 #金漸層 #擼貓 #貓奴 #貓奴生活 #萌貓 #傻貓 #catmemes",
            "comments_count": 16,
            "like_count": 2913,
            "timestamp": "2023-07-05T12:58:07+0000",
            "id": "18277264822120113"
          },
          {
            "caption": "搞到我頭三日好L柒擔心😤😤😤😤
  我擔心又要搵過個僕人😩仲介費好貴㗎屌屌屌
  
  #catmemes #catlife #catsofinstagram #meow #貓 #貓咪 #貓星人 #猫 #ねこ #ねこ部 #鏟屎官 #鏟屎官日常 #鏟屎官視角 #貓 #貓貓 #毛孩 #喵星人 #英短金渐层 #英短藍貓 #英短貓 #金影貓 #金漸層 #擼貓 #貓奴 #貓奴生活 #萌貓 #傻貓 #catmemes",
            "comments_count": 53,
            "like_count": 10001,
            "timestamp": "2023-06-30T14:03:46+0000",
            "id": "18064353367404211"
          },
          {
            "caption": "你，知道嗎
  買少一杯星爸爸咖啡，可以換嚟貓貓一個禮拜嘅條條
  食少一包萬寶路，可以換畀貓貓一個禮拜嘅罐罐
  
  #britishshorthair #cat #cats #catlover #catmemes #catlife #catsofinstagram #meow #貓 #貓咪 #貓星人 #猫 #ねこ #ねこ部 #鏟屎官 #鏟屎官日常 #鏟屎官視角 #貓 #貓貓 #毛孩 #喵星人 #英短金渐层 #英短藍貓 #英短貓 #金影貓 #金漸層 #擼貓 #貓奴 #貓奴生活 #萌貓 #傻貓",
            "comments_count": 50,
            "like_count": 11200,
            "timestamp": "2023-06-26T13:24:18+0000",
            "id": "17971508777429996"
          }
        ],
        "paging": {
          "cursors": {
            "after": "QVFIUm10Mk42RlRIdjNQS2NBYTN5aEMyMkxtc2daNzZAoRkZA2dWo5T3JsT05zNk02X3NjSWt1cUt5Ym93MEh4V0o0Y21jSzFxalFzTE1XUmVyZA3ZAsd1NWUWRR"
          }
        }
      },
      "id": "17841432849385648"
    },
    "id": "17841462821063699"
  }