{
    "business_discovery": {
        "ig_id": 233387366,
        "name": "Serrini",
        "profile_picture_url": "https://scontent.fhkg10-1.fna.fbcdn.net/v/t51.2885-15/393541167_236735129075986_2677888693734822913_n.jpg?_nc_cat=107&ccb=1-7&_nc_sid=7d201b&_nc_ohc=dL8sEGmHsS4AX9n_jEr&_nc_ht=scontent.fhkg10-1.fna&edm=AL-3X8kEAAAA&oh=00_AfAfx3z_gGg3TRFPWg6efOfHM1wK5owMgjUEL8f9L1M2KA&oe=65551CD4",
        "username": "gwendolyn.spot",
        "website": "http://rinaland.international",
        "followers_count": 215901,
        "media_count": 275,
        "media": {
            "data": [
                {
                    "caption": "愉快動物茵

最近不知道在努力什麼
大概就是要讓自己快樂","comments_count": 14,"like_count": 6892,"timestamp": "2023-11-07T16: 55: 57+0000","id": "17997931229251033"
                },
                {
                    "caption": "不知道serrini是誰也可以google

💁🏼🌞

我今日去CASH晚宴一次過和很多作曲人打招呼i said 希望可以收到大家的submissions然後一次過講自己想要的vibe我覺得自己overachieved今日的kpi👶🏼還在去廁所之後被抓到做訪問不小心讓大家知道我在r撈🔋然後被kkbox抓個正著錄id🫵🏻🌞

還有見到我親愛的yt","comments_count": 13,"like_count": 8596,"timestamp": "2023-11-06T16: 27: 48+0000","id": "17979425450342013"
                },
                {
                    "caption": "笑下就會更interesting🧞‍♂️thx all for making me laugh and letting me make u laugh today 🌞

Another year of press con for cr881903 

Styling charles_wghou 
Top and pants christopherjohnrogers 
Hair york.yn 
Makeup anisema.makeup 
Photography whyherhere","comments_count": 31,"like_count": 12559,"timestamp": "2023-11-02T13: 12: 14+0000","id": "17998952579329850"
                },
                {
                    "caption": "瘋狂之秋，香港-台北-台北演出後第二朝一早緊接飛倫敦🫨🌲就係為左去探訪Serrini fans club會長嘅一個海外活動，絕對唔是為了自己緊密錄音同玩🌞

行程得到CX悉心照料～好食好訓，先可以充滿陽氣趕行程（趕開場），樹錄音錄到最後一刻先上飛機，好彩翻到香港也不至太攰🐿️Move your feet with Rini🌞

PS 再探多彤彤幾次就變鑽石茵

cathaypacific
#Cathaypacific
#MoveBeyond
#FeelsGoodToMove

#愛拼才會leng
#樹有天可經過
#有一個包廂位置給我","comments_count": 30,"like_count": 6031,"timestamp": "2023-11-01T12: 10: 25+0000","id": "17998506191504418"
                },
                {
                    "caption": "London Autumn with yeung.tung 🌞好intense🌞工作完成✅

又hea又chur就係我地🐿️🐿️

每次你見到我咁得戚去開live shows同拍嘢錄嘢你就知道我就要翻香港跑數👶🏼","comments_count": 13,"like_count": 4739,"timestamp": "2023-10-30T19: 59: 28+0000","id": "17997644843200824"
                },
                {
                    "caption": "maggie 仔係倫敦一做完野放假就被偷左電話，所以即日起佢所有mv即將由我執導嘅🐿️

（Maggie仔依家去左第二個城市玩啦依家由 ipsiu 仔照顧佢啦🫶🏻🍂siu擔心）","comments_count": 5,"like_count": 5051,"timestamp": "2023-10-27T11: 28: 28+0000","id": "17858101332015199"
                },
                {
                    "caption": "快樂的倫敦trip🍂笑到見牙唔見眼線🎀thx concertyy dear for the loveeeee 🪄

我係黎錄音嘅，但係都可以吃好好的食物喔！🫶🏻我繼續寫我d功課先（未寫得出，依家 magg34leung 叫左我去shopping😮‍💨🫶🏻）

十月：台北東京台北倫敦香港
見Wyman唔敢著得太hea🍂🐿️","comments_count": 22,"like_count": 13834,"timestamp": "2023-10-26T14: 19: 22+0000","id": "18021359866785180"
                },
                {
                    "caption": "Come As You Are 
你這樣來就好

走過日月潭、台東、台中、台北、高雄，再回到台北finale，這樣就好了就夠了🦜感覺到自己是個享受演出的人了🌿感謝現場每一位，以後一定更多機會唱歌給大家聽，不冷淡，不熱情，這樣就最好。感謝樂手老師們～

吉他手：呂理鈞 jim556656
吉他手：蔡巽洋 oceantsaiii （台北場＋台北Finale場）
Bass手：羅皓宇 rush77777（台北Finale場 限定）
和音：陳侑彤 __verity.c (台北場 限定）

彩妝：石詮 chuansform

攝影師：
健健 jimmy.c.c_photography
必丞 matis.jian_ （台北Finale場）
翊軒 huang.yi.xuan （台東場）

練團室： 音樂島 musicisland.studio

小幫手們： 鑽石娛樂台灣實習生們（ T, M, Li, J, P, A )

🌲🌲🌲🌲🌲🌲🌲🌲🌲🌲🌲🌲🌲🌲

這個夏至秋天，我在台灣住了蠻久，打拼的生活就是，讓自己活在一個要自己照顧自己的地方逼自己自立的感覺，有像在學時期exchange時光一樣。在cafe放空、工作、再放空、再閱讀、散散步，累積陽氣值達到頂峰。我沒有所有朋友也見，見來見去也不過是那兩三個，在他們面前我最不需要用任何力氣防範/保護自己/裝堅強/裝dumb🍃這些日子我也儘量保留我可以come as I am 的圈子和工作，不過就儘量而已，走出熟悉圈鍛鍊也是打拼一種，做inner work的價值就是，用全然真實的自己待人的時候，遇見誰也不怕🪴

So it’s all about authenticity, and the joy of it. 我會更努力找讓自己愉快的事情，這樣也就能分享滿溢的陽氣和good vibes比大家🌱而台北場之後第二日我就飛去和accomplice yeung.tung 回合了😮‍💨累累😮‍💨而且不小心錄快了一點（超smooth很好聽），所以貪心（or cost-efficient) 的我們要在未來幾天內寫完一點五首歌再錄🍂倫敦有沒有什麼安靜坐坐的地方呀？

錄完歌又要想怎麼拍怎麼製作，又是一輪的工作😮‍💨🫶🏻也是開心的self-actualization🐿️💌

我G持我自己🎀

Photos by jimmy.c.c_photography and 彤彤","comments_count": 17,"like_count": 4415,"timestamp": "2023-10-25T18: 15: 27+0000","id": "17981310788585049"
                },
                {
                    "caption": "#射Rini 再度贏得公仔s

我和 yeung.tung vibing with這些aesthetics，沒人真的知道我們嘅喜好係咩因為we match energies and笑笑口🤳🏼🐿️💌🎀love Ruby lots🫵🏻","comments_count": 19,"like_count": 8689,"timestamp": "2023-10-23T04: 48: 11+0000","id": "18013953322910193"
                },
                {
                    "caption": "射Rini

睇左mv未？有無勾起啲垃圾屎回憶？

Also
點解導演 kendrakohyr 可以assume我識射波波同彈琴？我唔識😡🫶🏻","comments_count": 16,"like_count": 12062,"timestamp": "2023-10-20T23: 05: 28+0000","id": "18047942272514109"
                },
                {
                    "caption": "21/10/2023 踏正整點 #垃圾女星 🎀 新曲、MV同步發放🐿️

#垃圾垃圾屎 係邊度跌低，就係邊度起返身，又可以原地典多陣，又可以跑走之後relapse翻去再躺多陣🐿️

廢，但沿途有好朋朋觀察並記錄🤳🏼第日好翻，大家就可以一齊恥笑WHAT WAS I THINKING??????????? 

🫶🏻新曲獻給在坐每一位垃圾屎💩每一粒字都係要讓你OFFENDED💩💘你地全部都係垃圾☺️💌","comments_count": 37,"like_count": 7010,"timestamp": "2023-10-19T14: 56: 32+0000","id": "18054583906486459"
                },
                {
                    "caption": "🚩「面係人地比嘅，船係自己沉嘅」🚩
用垃圾袋包住個身～or just 回收真美 21/10/2023

用你地假acc/🎺/分身分享你嘅各種尷尬例子，用真acc都得㗎（hi Dennis）

🎈#垃圾女星 pre-save link🎈
https: //lnk.to/DivaDelulu

Photography whyherhere 
Designed by venus1105 
垃圾粉紅寶寶look styled by
_________________________.jpg assisted by wvictorwt and ipsiu 確保我唔洗走曬光
hair by york.yn
make-up by anisema.makeup","comments_count": 40,"like_count": 9436,"timestamp": "2023-10-18T15: 05: 46+0000","id": "18019779652828622"
                },
                {
                    "caption": "咬破就走🚩

「在沒有你的地方成長」
「我真的要走，我在做甚麼？」

廣東歌最新作品《垃圾女星》
21/10/2023 真美 New Season–RELAPSE，

字字red flag

本色出演 MV 🐿️ 緊接上映🐿️

photog bigredflower","comments_count": 173,"like_count": 24247,"timestamp": "2023-10-18T01: 31: 31+0000","id": "17848954038054234"
                },
                {
                    "caption": "疲倦得過兩秒就可以入睡了。

你知道嗎，我在《樹仔》MV裡面也有鞠躬動作，向滋養自己、自己outgrown左嘅自己鞠躬，感茵有過一切過去，好的壞的，我也在此刻感到歡歡茵茵。

我最愛在自己的家休養，我的家很快讓我有睡意，是我recharge陽氣的補給點，就算外面風雨多大，或有牛鬼蛇神roaming around，我在家裡都能鎮定，我感覺很安全”you’re safe now” 。鎮定然後”family dinner”，在陽氣不夠的時候和close bloodlink吃飯也是不錯的recharge 方法。

我又可以slow dance with me(literally with自己），感受陽光灑落在我臉上、閉上眼，任大千世界繁花盛放，我還是在專心自己足下。

都是夢，都似夢，一覺醒來, it was all in my head, 書又可以翻開下一頁了。

好睏，今晚發夢會夢見甚麼？
不怕🐿️ 
讓快樂進入我，我愉快
I receive 陽氣from y’all. 
ZzzZz

下一首歌就完全toxic🚩

Love from
打拼的女人","comments_count": 12,"like_count": 8008,"timestamp": "2023-10-17T17: 11: 14+0000","id": "18241798639215501"
                },
                {
                    "caption": "愉快動物茵今日踩左好多個鐘單車，😮‍💨我的屁股不是我的😮‍💨中途停低覆下msg，咁又一日。之前黎輕井澤就係同好朋朋黎拍mv《若葉之年》選段，how the years have gone by and how we have changed💘我個人來說就越來越無聊and幼稚👶🏼🧏🏼‍♀️🤷🏼‍♀️🐿️😁🈶🚕🈚️

天氣更秋意，我就可以發新作品，是一首很垃圾的作品，我用了「垃圾垃圾屎」inspired 嘅 hookline，希望唔好撞其他歌太多，因為聽落都好pop，我已經無左判斷能力，like the song itself。

攝影師：妹

🚩red flag reactions only 🚩","comments_count": 23,"like_count": 5169,"timestamp": "2023-10-13T09: 25: 23+0000","id": "18035256682579718"
                },
                {
                    "caption": "和妹妹旅行尚未打交，就是成功。

佢幾年前曾經好大鑊入醫院昏迷，無人知道佢幾時醒。頭幾日我日日醫院陪佢以為佢會死，父母take day time, 我就take夜更。

嗰陣我先發現原來夜晚近清晨dusk時光特別凍，同埋醫院夜晚都好多儀器beep beep聲都幾有feel。

嗰陣我整左個Moana playlist用耳機播比佢聽，因為佢臨昏迷前自己係咁沖涼唱so creepy，嗰陣仲有好多disney歌播一起聽（真係用kkbox），等佢in 遊遊雲status都可以auditorily有熟悉嘅嘢（i guess？）妹：「你都痴線」🐿️

之後好彩醒左，我爆響口話畢業請佢再去disney sea住有陽台間酒店睇show，之後幾年疫情無得去，係最近我先有時間（and 畢業後慢慢成為一個「（ 相對而言比較）有錢嘅女人」無咁肉赤）。But最後係無book到陽台酒店嘅因為Im too hea to plan，我需要私人行程planner 住係我個肚入面🦭

就是說其實disney激動嘅self-development歌曲對我有too deep嘅意義，同埋我發覺我唱歌d手動作其實好似d演出人員，係幾好笑。

故事完。今日行左兩萬步thx。

兄弟姐妹就係咁，雖然係愛，但係都成日徘徊開打狀態，「為你好」is 古怪嘅動機🐿️

鑽石娛樂佛心提示
衣服一睇就知咩啦唔洗講right
（朋友二手衫）
（I love 二手衫vintage）
今日配色係一棵🌲","comments_count": 43,"like_count": 18141,"timestamp": "2023-10-10T12: 46: 46+0000","id": "18036533506567252"
                },
                {
                    "caption": "十二年前，我在Keio當了一年交換生，當初我把志願單交給朋友填寫，因爲既然成功到日本就有獎學金我去哪裡都可。以前有說過當年原本都選🀄️University College Dublin（因爲可以幻想自己是James Joyce/Oscar Wilde），不過企圖行先、精打細算、毫無初心嘅女子如我，當然是選了有全額獎學金的日本top私立大學🌲

人生路上朋友們走遠走散，或失聯或太接近，閒事沒事不會寒暄的朋友們，再見竟在學時光恍如昨日。這個朋友H我都不知道學校哪裡認識回來的，我就是覺得她很可愛，我見到她就有蜜蜂見到花蜜的感覺，所以我痴埋去，而佢都很樂意。上次見面已經是year3，我地byebye嘅最後一餐係下午茶吃蛋糕，之後大家人生都翻天覆地巨變。

昨天一頓燒肉下來，我們都只是輕輕帶過，”bad things happened, good things happened too. But here we are now!” 重and輕，兩句話帶過，不多不少。12年的歲月，大家竟然越來越年輕美麗，這是因為我們越來越own what we have，and風雨can趨逼出真美。

手上這個CD是我臨離開日本前燒碟比朋友們嘅日版CD，朋友老公（社恐and避席）表示urge老婆比我簽名留念放家裡，我簽，bless u，我愛你老婆。

差點忘了自古以來我就是古怪的存在，現在一點沒變，變的就是，越來越有韻味aging gracefully a 性感auntie Leung Ginza購物 and 排隊退稅 （請勿相認）😂

Exchange嘅朋友離奇地非常fd，你係咪都係咁？就好似離鄉別井開心會令你更bond別人の感じ🧏🏼‍♀️不過都係睇vibe黎痴, it’s me, it’s not u

鑽石娛樂佛心分享：
首飾係 #alexandermcqueen 
貝克金色戒指from a vintage shop
圖中鞋子係 burberry 禮物💘
外套 #allsaints
帽子 #ca4la
袋 #soulmatte 仙人掌made嘅皮革interesting
公仔 聽眾的嬰兒禮物（請勿破費😡🫶🏻）

lounge pic by 偶遇網友 jackyneverstops","comments_count": 15,"like_count": 8800,"timestamp": "2023-10-09T14: 43: 34+0000","id": "18022926220683833"
                },
                {
                    "caption": "今日和 leungmanlai woo_kit 暢聊 #愉快動物病 🦕🦖🪼🦈🦭🐬🐅🐆🦮🐕‍🦺🦚🦫🦥🦦🐿️🐉🌲 感謝各位收聽，我的樹裙子styled by charles 很不錯🌿今天還有不少訪問錄了會出～*

埋黎睇follow shuuudim 開放賣無聊嘢，可能有幾張無人認領黑膠賣and真美筆，得閒經過可以黎😘我次次去旅行都買嘢擺💘黎吸收tree energy👒😌

photoed n babied by whyherhere","comments_count": 9,"like_count": 2834,"timestamp": "2023-10-03T13: 24: 29+0000","id": "18007937824958749"
                },
                {
                    "caption": "一定會聽到訓著嘅一個live

內容：大家同老細一齊翻譯 #愉快動物病
各位下線持續提供意見 🛌💘請勿轉載，unless係朗誦if music be the food of love, play on🌕","comments_count": 1,"like_count": 1657,"timestamp": "2023-10-01T16: 13: 27+0000","id": "18014203141737804"
                },
                {
                    "caption": "能夠讓人瞬間安睡嘅椅子🛌and街市一日遊🛒中秋節快樂，我d歌詞作品都有好多月亮係裡面，試舉之？

我先：

月與倒影的距離/夏至秋天的距離/凝視站在遠方的你

我想代替月亮懲罰你哋/漫步水面 所有置諸不理/儆惡懲奸 全部要死

明月佈陣 無謂再等/換個秘密/月色正好 問罪誰人

深灰色天 映襯紅月亮/斜陽西去 未照亮惡心腸/過來咒罵 過來中傷/仍然不改我音韻漂亮

就問問雙手操控一切感覺會點/可會媲美興奮的纏綿/月亮下歌姬一笑一吻好戲上演/吸引嗎 這刻你很無言

明月黯淡/長夜更藍/虛無道理 要一瞬間灰心不難","comments_count": 51,"like_count": 11052,"timestamp": "2023-09-29T07: 37: 22+0000","id": "18028477420618238"
                },
                {
                    "caption": "喺台灣，快樂嘅時光總係過得特別快，好想同大家share每個happy moment，心情好、皮膚leng，有水分嘅女人係會發光嘅🌟🌟🌟

有水分嘅女人帶咗為數不多嘅護膚品去出Trip，片中嗰兩支我都覺得係Must-have 。大家都知我好鍾意Melvita支玫瑰花水🌹，佢真係好香、好自然，好healing，巡演出台前噴一噴，洗完臉噴一噴，得閒又噴一噴，好鍾意塊面好水潤好保濕，俾玫瑰花包圍住嘅感覺，I feel so blessed~ Organic is so good~💚

但咁喎，女人唔可以淨係得水分，要有油，水分先可以好好地鎖住㗎💦
係呀，個個都要識得用水油愛護自己🥰，keep住皮膚水水嫩嫩彈彈滑滑，每日都要有好嘅心情

噴完花水就用粉紅色嗰支微精華水，佢都係有機玫瑰，feel so good💞搽上面OMG，好水潤、好舒服！Feel 到皮膚好吸收，入面有玫瑰水仲有玫瑰果油泡泡，水油雙導入，幫皮膚lock實啲水分，之後再搽精華都面霜都好索。自己照鏡都leng到忍唔住戳一戳自己臉珠登👶，好plump 

Btw, 第二朝個妝好貼，唔浮粉，very important

我本身leng，用咗有機護膚品更leng💚記住回收空瓶，人美心善，對自己好啲，對our planet🌍都好啲
保持真美的方法，你心動嗎？而家Melvita玫瑰保濕精華水+玫瑰花水8折+免運費，門市直接show呢個post就得🤩 ，上網買記住要入Code「SERRINI 」，官網melvita.hk

我哋一齊leng ，一齊好好愛護自己，share good vibe~🤗

melvitahk #melvitahk #有機玫瑰保濕微精華水 #玫瑰花水 #保濕 #精華水#OrganicBeauty #Cleanbeauty","comments_count": 20,"timestamp": "2023-09-27T05: 27: 44+0000","id": "18002713055095168"
                },
                {
                    "caption": "我今天在 #西加航空 節目非常愉快☺️🥠謝謝 jessica_903 邀請，always fun to chat with u🌞原來機場都25歲嚕，歲月繼續見證各樣離別、重逢、相遇，美好prevails，no matter what.

好高興對著check-in counters大聲唱歌！希望將來可以set 個講台比我對住大堂大聲疾呼一個full concert😩💘謝謝樓下路過嘅每一位旅客😌

Pic 1-6大會攝影Isaac影得好leng，好震驚。Pic 7-9 by鑽石娛樂攝影intern H，質感勁好，but前幾張好難超越，其餘照片 rini_baebae 分享👶🏼💘

cr881903

Hair york.yn Make-up deepmakeup 
Styled by charles_wghou 
Top / normakamali
Skirt / alemais.official 
Heels / louboutinworld","comments_count": 29,"like_count": 9377,"timestamp": "2023-09-23T17: 00: 19+0000","id": "18237449179170744"
                },
                {
                    "caption": "翻黎返工啦💁🏼‍♀️⭐️🌞📖👶🏼hello",
                    "comments_count": 23,
                    "like_count": 7339,
                    "timestamp": "2023-09-23T10:33:01+0000",
                    "id": "18006725029976745"
                },
                {
                    "caption": "所以不捨得就再見，就是說再見的意義right？😵‍💫

日子這樣就好，現在這樣就好
所以現在是怎樣？

我們都在學習愛自己的路上（呀？）
愉快嗎？動物們怎麼說？

我很冷淡，但在忘記規矩的時候熱情（😡）
我說要學習不溫不火（😮‍💨）
但是管他的，我最喜歡亂舞了（🦁️）

從哪天開始，
我只計較我有沒有好好對待自己，
樹仔燈、可愛的事物都留在身旁。

而你這樣來就好。

Come as you are,
Because I came as I am,
And I’m still here.

可要是我比較喜歡在水裡發呆呢？🧜🏻‍♀️

“The point of diving into a lake is not immediately to swim to the shore, but to be in the lake, to luxuriate in the sensation of water. You do not work the lake out, it is an experience beyond thought. “

Still, Come As You Are 

🌳 樹莉莉 2023 台灣小巡迴 - Come As You Are- Finale 台北最終站 🌳

演出時間：2023年10月20日（五）19: 30
啟售時間：2023年09月23日（六）12: 00
售票網址：https: //bit.ly/SerriniMiniTourFinale2023

入場時間：
* 	VIP特別票入場時間：18: 30
* 	一般預售票/現場票入場時間：19: 00

演出地點：河岸留言 西門紅樓展演館 Riverside Live House（全站席） riversidelivehouse 

🍀VIP特別票：NT$ 1,
                    234 （最優先入場，隨票附贈限定週邊）
🍀一般預售票：NT$ 813
🍀現場票：NT$ 1000

Designer： sung_cheng_jie
Photographer： jimmy_photography_studio

#鑽石娛樂","comments_count": 18,"like_count": 6026,"timestamp": "2023-09-22T04: 42: 51+0000","id": "18238523938173302"
                },
                {
                    "caption": "「有時候，你聽見某位藝術家的新錄音，你已經關注這位藝術家有一段時間了，而他最近在開拓陌生的新領域。

一開始這首新作聽起來異樣。似乎很陌生。你不了解他的背景。你也許不確定自己是否喜歡它。 你甚至可能拒絕它。

然而你忍不住聽了一遍又一遍。你的腦中開始浮現一種新的模式。原本陌生的東西變得稍微有點熟悉了。你看似看出它與從前的東西之間的關聯。它開始在你腦中留下痕跡，無論你喜歡與否。

然後有一天，你發現自己已經不能沒有他。

當一位心愛的藝術家表現不符我們的期望，或者一位新的藝術家藐視現有的先例，都可能令人不解。一開始，這件作品可能感覺起來令人不滿意或者根本無趣。一但我們克服了，適應了新的調色盤。最後這可能就成為我們最喜愛的作品。反之，我們一開始就喜歡上的作品，之後可能不再具有相同的威力。

我們創作自己的作品時，也會發生同樣的現象。」

《創造力的修行：打開一切可能》節錄

風雨裡的🌲圖 as in 何德來 〈今日仍在旅途〉

#打拼","comments_count": 4,"like_count": 1961,"timestamp": "2023-09-21T15: 24: 27+0000","id": "18005086516990516"
                }
            ],
            "paging": {
                "cursors": {
                    "after": "QVFIUjlpd0J5dEhCU1h2Q3N3SWljMk1EdFE4clUzVGZArVkEzWVZAkZAjZANY1o4RGpyNFNXbkJhN1RUUnBYMEx6VTZAGZAW5GN0JHWU94X2haNWRDZAWZAMUUhJSEhn"
                }
            }
        },
        "id": "17841401300983646"
    },
    "id": "17841462821063699"
}