{
    "business_discovery": {
        "ig_id": 2257433316,
        "name": "三上悠亜　Yua Mikami",
        "profile_picture_url": "https://scontent.fhkg10-1.fna.fbcdn.net/v/t51.2885-15/367757851_202480546141771_5545174755629036826_n.jpg?_nc_cat=1&ccb=1-7&_nc_sid=7d201b&_nc_ohc=yE9sMGUO-pYAX-sxy9P&_nc_ht=scontent.fhkg10-1.fna&edm=AL-3X8kEAAAA&oh=00_AfDT9TIZdL0n6Dh1NoRoNWnGXjtOtcvsz3Mow8OJJf-SNg&oe=655638FD",
        "username": "yua_mikami",
        "website": "https://mistreass.com/",
        "followers_count": 3660792,
        "media_count": 2803,
        "media": {
            "data": [
                {
                    "caption": "急に寒くなってきたね❄️
  
  アウター大好きマンなので
  家にある大量のアウターを
  着ていきます😎","comments_count": 85,
                    "like_count": 6941,
                    "timestamp": "2023-11-12T12:18:32+0000",
                    "id": "18000181076239446"
                },
                {
                    "caption": "🖤
  
  #GRL　
  #グレイル","comments_count": 211,
                    "timestamp": "2023-11-11T12:03:37+0000",
                    "id": "18024436513766631"
                },
                {
                    "caption": "私服たち
  
  #coordinate 
  #fashion 
  #miumiu
  #winterfashion","comments_count": 225,
                    "like_count": 31259,
                    "timestamp": "2023-11-10T13:18:12+0000",
                    "id": "18396678964020366"
                },
                {
                    "caption": "🎄💫
  
  mistreass_official 
  
  #Christmas
  #illumination 
  #christmastree","comments_count": 264,
                    "like_count": 37976,
                    "timestamp": "2023-11-09T09:54:13+0000",
                    "id": "18038048089588362"
                },
                {
                    "caption": "ちょっと前にヘアメンテ👩‍🦳
  
  少し明るくして
  スーパーロングのエクステつけました💫
  
  #hair 
  #haircolor","comments_count": 495,
                    "like_count": 77542,
                    "timestamp": "2023-11-08T10:14:54+0000",
                    "id": "18252848524205174"
                },
                {
                    "caption": "壁掛けカレンダーの
  使われなかったカットのオフショ🐻🤎","comments_count": 332,
                    "like_count": 60076,
                    "timestamp": "2023-11-05T08:15:39+0000",
                    "id": "17891179835927775"
                },
                {
                    "caption": "ママとカフェデート☕️🌙
  
  袖ファーワンピ
  お気に入りすぎる🥺🤍
  
  ファーのおかげで
  華奢見えして最高なの🫶","comments_count": 230,
                    "like_count": 32537,
                    "timestamp": "2023-11-04T12:18:56+0000",
                    "id": "18012893710980821"
                },
                {
                    "caption": "フェリス女学院大学学祭
  トークショーありがとうございました🏫💫
  
  素敵な学祭に呼んでいただけて
  本当に幸せです🥹🤍
  
  暖かく迎え入れてくださり
  ありがとうございました🌙
  
  お会いできた皆さんもありがとうございます🫶","comments_count": 249,
                    "like_count": 38050,
                    "timestamp": "2023-11-03T11:15:35+0000",
                    "id": "18391768909023527"
                },
                {
                    "caption": "11月なのにあったかいね🥺🩵
  
  もふもふ着て気分は11月🐏","comments_count": 257,
                    "like_count": 36902,
                    "timestamp": "2023-11-02T04:12:44+0000",
                    "id": "18006270560314068"
                },
                {
                    "caption": "可愛い髪型してもらた🍬🤍",
                    "comments_count": 395,
                    "like_count": 55090,
                    "timestamp": "2023-11-01T12:00:51+0000",
                    "id": "18096877708367823"
                },
                {
                    "caption": "フルはYouTubeで見てね🫶
  
  #びしょパイ
  #踊ってみた","comments_count": 271,
                    "like_count": 57823,
                    "timestamp": "2023-10-31T12:04:18+0000",
                    "id": "17943273947726575"
                },
                {
                    "caption": "🐇🎀🩷",
                    "comments_count": 256,
                    "like_count": 45561,
                    "timestamp": "2023-10-30T13:34:33+0000",
                    "id": "18014951458786498"
                },
                {
                    "caption": "ネイルもBarbieとぴったりでした🎀🩰
  
  今のネイルとってもお気に入り🛼","comments_count": 235,
                    "timestamp": "2023-10-30T07:27:31+0000",
                    "id": "17944366997718442"
                },
                {
                    "caption": "ʜᴀᴘᴘʏ ʜᴀʟʟᴏᴡᴇᴇɴ🎃
  
  今年のハロウィンイベントは
  Barbieちゃんになりました🎀🩷
  
  着せ替え人形式で
  なんと3着も着替えたの💫
  
  楽しんでいただけたかな🥹？
  
  いろんなパターンのBarbie
  いかがでしょうか🩰？
  
  まだたくさん写真あるので
  また載せます🩷
  
  久しぶりにファンの方と会えて
  お話できて本当に幸せ時間だった🥹
  
  いつもありがとう🫶
  
  そして今日も天才的な
  ヘアメイク
  imutan_makeup 
  スタイリスト
  aya_yagishita 
  
  皆様のおかげで可愛くなれました🙇‍♂️
  いつも感謝すぎます🙇‍♂️
  魔法使いたち🪄","comments_count": 276,
                    "like_count": 44576,
                    "timestamp": "2023-10-29T13:35:51+0000",
                    "id": "17941255556731549"
                },
                {
                    "caption": "🥞🧁",
                    "comments_count": 285,
                    "like_count": 43715,
                    "timestamp": "2023-10-28T04:30:37+0000",
                    "id": "17898929633875746"
                },
                {
                    "caption": "お散歩日和🪿
  
  ケーブルニットフーディーも
  まもなく発売です🤍
  
  ざっくりワンピとして着ても可愛いし
  羽織っても可愛いよ🥹
  
  ポッケのファーは取り外しできます💫","comments_count": 233,
                    "like_count": 45413,
                    "timestamp": "2023-10-26T09:17:34+0000",
                    "id": "17920175081796931"
                },
                {
                    "caption": "滋賀竜王アウトレットパークに
  期間限定でMISTREASSが
  オープンしてるので遊びに行ってきました🩷
  
  11/5までの開催になります🐈
  
  近くに遊びに行った際は
  ぜひ立ち寄ってみてね🌛","comments_count": 259,
                    "like_count": 48589,
                    "timestamp": "2023-10-25T10:39:52+0000",
                    "id": "18019107880876751"
                },
                {
                    "caption": "🎀
  
  fairliar.jp の展示会に行ってきました🩷
  
  私はゴルフはやらないのですが、
  普段着としても着れるデザインもあって
  本当に全部可愛かった🥹🎀
  
  たくさんオーダーさせていただきました🤍","comments_count": 164,
                    "timestamp": "2023-10-24T12:51:56+0000",
                    "id": "18001842740291900"
                },
                {
                    "caption": "🍺",
                    "comments_count": 267,
                    "like_count": 31788,
                    "timestamp": "2023-10-24T09:06:37+0000",
                    "id": "18022409383745787"
                },
                {
                    "caption": "🎧🪽🩶
  
  onepiece mistreass_official 
  boots yelloshoes_official 
  cap mlbkorea 
  boots yelloshoes_official","comments_count": 264,
                    "like_count": 41922,
                    "timestamp": "2023-10-23T03:56:56+0000",
                    "id": "18078201838404474"
                },
                {
                    "caption": "MISTREASS10/22発売アイテム
  紹介インスタライブ🪽","comments_count": 156,
                    "like_count": 27023,
                    "timestamp": "2023-10-22T10:57:33+0000",
                    "id": "17928223418685956"
                },
                {
                    "caption": "本日20時発売🩶
  
  MISTREASSのアカウントが
  不具合のため、
  私のアカウントから
  発売前インスタライブさせていただきます🪽","comments_count": 232,
                    "like_count": 33557,
                    "timestamp": "2023-10-22T05:36:48+0000",
                    "id": "18231536284221864"
                },
                {
                    "caption": "私服です。
  
  久しぶりの東京の夜は寒すぎちゃってびっくりしちゃった🗼🧊
  
  lily_brown_official と
  keitamaruyama さんのコラボ商品🪽
  
  10/27から全国発売みたいです🗝️
  
  それに先駆けて、
  LILY BROWN ルミネエスト新宿店で先行販売会が開催🤍
  
  場所：LILY BROWN 
  ルミネエスト 新宿店内
  期間：10月21日(土)～10月23日(月)
  
  #pr","comments_count": 221,
                    "like_count": 47269,
                    "timestamp": "2023-10-21T11:20:05+0000",
                    "id": "18228942496218101"
                },
                {
                    "caption": "沖縄の思い出たち🪼
  
  友達もできたよ🤝
  マネージャーかへみが上手に英語で喋っていたよ👶🏻","comments_count": 265,
                    "like_count": 61641,
                    "timestamp": "2023-10-21T09:20:04+0000",
                    "id": "18001025335998020"
                },
                {
                    "caption": "🖤",
                    "comments_count": 499,
                    "like_count": 89935,
                    "timestamp": "2023-10-21T04:58:12+0000",
                    "id": "17980239470586354"
                }
            ],
            "paging": {
                "cursors": {
                    "after": "QVFIUjhBNGY5Smxta1lxUVgtRWU1Y3UtdmJLbHBMaWJ1cDRkRXpGRVg4akFBQW9nTTVGMEFjSm1EQ3l2djllMjduZAEVDMktkXzNtZA3h5ZA3N2ZAkdNMWpCeXJ3"
                }
            }
        },
        "id": "17841402199492179"
    },
    "id": "17841462821063699"
}