{
    "business_discovery": {
      "ig_id": 12281817,
      "name": "Kylie",
      "profile_picture_url": "https://scontent.fhkg10-1.fna.fbcdn.net/v/t51.2885-15/399222954_324183390249528_9033032099009840898_n.jpg?_nc_cat=1&ccb=1-7&_nc_sid=7d201b&_nc_ohc=Kvi4UmE6js8AX_rfr-d&_nc_ht=scontent.fhkg10-1.fna&edm=AL-3X8kEAAAA&oh=00_AfA99KYlvOWpCRHbqpHxYxjYI9846BbmEZsz4rpAxnuR5Q&oe=65553103",
      "username": "kyliejenner",
      "website": "http://khy.com",
      "followers_count": 398996545,
      "media_count": 6896,
      "media": {
        "data": [
          {
            "caption": "the khy catsuit. drop 002 coming 11/15. preview the collection now on khy.com",
            "comments_count": 4726,
            "like_count": 714356,
            "timestamp": "2023-11-11T16:04:58+0000",
            "id": "18003668624282713"
          },
          {
            "caption": "the khy catsuit. drop 002 in collaboration with entire_studios coming 11/15. preview the entire collection now on khy.com and sign up for early access.",
            "comments_count": 7294,
            "like_count": 2775013,
            "timestamp": "2023-11-10T22:52:06+0000",
            "id": "17915291756755208"
          },
          {
            "caption": "5 brand new lip and cheek Glow Balm shades coming to kyliecosmetics on 11/14!!! i’m wearing shade MELLOW BERRY 🍓",
            "comments_count": 6859,
            "like_count": 1515815,
            "timestamp": "2023-11-09T17:45:05+0000",
            "id": "18000870047040085"
          },
          {
            "caption": "khy drop 002. puffers + base layers coming 11/15 in stone, black, and cobalt blue. khy",
            "comments_count": 8760,
            "like_count": 1786322,
            "timestamp": "2023-11-08T21:34:52+0000",
            "id": "17994749069133766"
          },
          {
            "caption": "drop 002 is here! new puffers + base layers coming to khy on november 15th khy.com",
            "comments_count": 12035,
            "like_count": 2003095,
            "timestamp": "2023-11-08T17:12:29+0000",
            "id": "17976748892556861"
          },
          {
            "caption": "KHY DROP 002. puffers + base layers coming 11/15 khy",
            "comments_count": 19720,
            "like_count": 1917546,
            "timestamp": "2023-11-07T22:19:00+0000",
            "id": "18128039161312203"
          },
          {
            "caption": "mornings in alo",
            "comments_count": 5946,
            "like_count": 2303120,
            "timestamp": "2023-11-06T18:57:26+0000",
            "id": "18001494191182041"
          },
          {
            "caption": "last night at the 2023 wsjmag innovator awards for khy. what an honor thank you. 🫶🏻",
            "comments_count": 7151,
            "like_count": 1629620,
            "timestamp": "2023-11-03T00:38:38+0000",
            "id": "18001259780498120"
          },
          {
            "caption": "what a night. thank you wsjmag for the award and honor tonight of being this years brand innovator and for recognizing khy 🫶🏻🫶🏻",
            "comments_count": 5182,
            "like_count": 2968811,
            "timestamp": "2023-11-02T05:24:52+0000",
            "id": "18007958258068036"
          },
          {
            "caption": "khy first drop now available on khy.com !!!!!!!!!!!",
            "comments_count": 4618,
            "like_count": 2289929,
            "timestamp": "2023-11-01T12:42:51+0000",
            "id": "17887292393943067"
          },
          {
            "caption": "khy launches TOMORROW! preview drop 001 now on KHY.com khy",
            "comments_count": 6522,
            "like_count": 1065074,
            "timestamp": "2023-10-31T15:29:53+0000",
            "id": "17855373273027356"
          },
          {
            "caption": "sugar & spice",
            "comments_count": 8456,
            "like_count": 4916649,
            "timestamp": "2023-10-31T02:30:31+0000",
            "id": "17985353579445656"
          },
          {
            "caption": "discover drop 001 for khy on november 1st KHY.COM",
            "comments_count": 6197,
            "like_count": 2328170,
            "timestamp": "2023-10-30T03:18:46+0000",
            "id": "18024635545692259"
          },
          {
            "caption": "i can’t believe i’m finally sharing khy with you. khy seamlessly blends designer fashion with everyday style into highly edited drops, starting with Faux Leather + Base Layers. Drop 001 was designed in partnership with berlin-based _namilia_ and offers twelve fashion essentials between $48 and $198 in sizes ranging from XXS to 4X. the first of many releases from khy, spanning a diverse range of categories and styles. launching NOVEMBER 1st KHY.COM. sign up now for early access.",
            "comments_count": 12929,
            "like_count": 2465257,
            "timestamp": "2023-10-27T21:04:21+0000",
            "id": "18024660496690601"
          },
          {
            "caption": "happy birthday khy 🌹",
            "comments_count": 5943,
            "like_count": 2909427,
            "timestamp": "2023-10-27T06:16:36+0000",
            "id": "17904349079855860"
          },
          {
            "caption": "just me and my khy faux leather mini 🖤 launching november 1st on khy.com",
            "comments_count": 5359,
            "like_count": 2022071,
            "timestamp": "2023-10-26T18:29:21+0000",
            "id": "17866808916008792"
          },
          {
            "caption": "wsjmag wsj 🤍",
            "comments_count": 7247,
            "like_count": 3613103,
            "timestamp": "2023-10-25T16:45:46+0000",
            "id": "18256301413204713"
          },
          {
            "caption": "new wsjmag innovators issue featuring khy !!!!",
            "comments_count": 4568,
            "like_count": 1978162,
            "timestamp": "2023-10-25T16:19:02+0000",
            "id": "17867048048995416"
          },
          {
            "caption": "meet khy.",
            "comments_count": 8972,
            "like_count": 2607770,
            "timestamp": "2023-10-24T16:00:29+0000",
            "id": "17978455352530985"
          },
          {
            "caption": "october 🎃",
            "comments_count": 9362,
            "like_count": 3687115,
            "timestamp": "2023-10-23T21:15:07+0000",
            "id": "17977877774371657"
          },
          {
            "caption": "paris 🫶🏻",
            "comments_count": 66451,
            "like_count": 5662490,
            "timestamp": "2023-10-03T23:18:50+0000",
            "id": "17937428993633956"
          },
          {
            "caption": "schiaparelli danielroseberry 🤍",
            "comments_count": 20065,
            "like_count": 4155514,
            "timestamp": "2023-09-29T17:20:42+0000",
            "id": "17982678506394531"
          },
          {
            "comments_count": 19035,
            "like_count": 8650987,
            "timestamp": "2023-09-29T00:44:39+0000",
            "id": "18207591340270332"
          },
          {
            "caption": "what a dreaaamm 🪽 schiaparelli danielroseberry",
            "comments_count": 10339,
            "like_count": 3578023,
            "timestamp": "2023-09-28T23:58:45+0000",
            "id": "17983915172230178"
          },
          {
            "caption": "schiaparelli ✨",
            "comments_count": 11001,
            "like_count": 5327099,
            "timestamp": "2023-09-28T20:28:55+0000",
            "id": "18268019044085801"
          }
        ],
        "paging": {
          "cursors": {
            "after": "QVFIUkdTZAVdWcEpkUkc5ZA0JTY2Ffbk1ZAYkpyV3RjbUFSdzV3Y1NqOVZA2NlRtTFhlaEdDblNhbVI4QlNhTFVONmJXTGVrM3ZASTmVMLXMzeE90eEt5b2NwMGxn"
          }
        }
      },
      "id": "17841401734510191"
    },
    "id": "17841462821063699"
  }