{
    "business_discovery": {
        "ig_id": 49265095,
        "name": "Jeffrey Ngai 魏浚笙",
        "profile_picture_url": "https://scontent.fhkg10-1.fna.fbcdn.net/v/t51.2885-15/288179211_1239773480184411_4897007735242055400_n.jpg?_nc_cat=1&ccb=1-7&_nc_sid=7d201b&_nc_ohc=s1vr_YMJtmwAX_DM60R&_nc_ht=scontent.fhkg10-1.fna&edm=AL-3X8kEAAAA&oh=00_AfDhFuCCfLvNH8IGHIqeXIZw6jo4C7aORzB3MLr1XeQ4lA&oe=655688A2",
        "username": "jeffreyngai",
        "website": "https://youtu.be/LGLc_PTGojY",
        "followers_count": 412962,
        "media_count": 813,
        "media": {
            "data": [
                {
                    "caption": "Winter is coming ☃️
  想快啲到冬天。。。咁就可以同大家分享積肥洋蔥式著衫心得😌
  俾大家先睹為快，睇睇我著咗 americaneaglehk  嘅冬季新系列用皇牌 #AEJeans 做Mix & Match襯出三個唔同嘅Holiday Looks🌟每個Look都可以做到唔同嘅節日感覺，咖啡豆你地又鍾意邊一個Look多啲呢？","comments_count": 31,
                    "like_count": 3631,
                    "timestamp": "2023-11-09T12:25:23+0000",
                    "id": "18040736206515423"
                },
                {
                    "caption": "係新加玻一日食8餐😋😋
  放肆地食既代價係跑步加游水
  good food good mood","comments_count": 90,
                    "like_count": 18504,
                    "timestamp": "2023-11-08T13:34:45+0000",
                    "id": "18014227993825581"
                },
                {
                    "caption": "《飯戲攻心2》首張海報出爐
  飯團一家喜上加喜喜，有福情侶冧中更冧冧💖
  
  tableforsix_movie
  sunnyhahaha_chan stboo louischeung2013 wongyuenb minchen333 chancharmman tsekwanhoho jeffreyngai deegor_hkwa   
  
  《#飯戲攻心2》2024第1囍事
  #陳詠燊 #鄧麗欣 #張繼聰 #王菀之 #林明禎 #陳湛文 #謝君豪 #魏浚笙 #何啟華 #胡楓 #羅蘭 #米雪 #廖子妤 #蔣志光 #黎彼得 #凌文龍 #余香凝 #楊偲泳 #胡子彤 #林家熙 #伍詠詩 #黃呈欣 #TableForSix2","comments_count": 55,
                    "like_count": 18829,
                    "timestamp": "2023-11-03T13:48:25+0000",
                    "id": "18019440385854148"
                },
                {
                    "caption": "cute moment with my favorite 동욱씨 李棟旭先生🤎
  
  first time in Singapore and already had a great memory🫶🏽 thank you Singapore and Samsonite for this such wonderful experience 🪄
  
  Samsonite_HK #DestinationSamsonite #Samsonite","comments_count": 252,
                    "like_count": 57284,
                    "timestamp": "2023-11-01T12:15:50+0000",
                    "id": "17959077245539038"
                },
                {
                    "caption": "happy Halloween 🎃",
                    "comments_count": 68,
                    "like_count": 27559,
                    "timestamp": "2023-10-31T13:53:26+0000",
                    "id": "18016851100915789"
                },
                {
                    "caption": "first time to Singapore 🇸🇬 
  
  any must- eat or must- go recommendations?🤪
  please share with me🤓
  
  #因為太眼瞓所以著錯咗左右腳
  #自己認咗先😕","comments_count": 230,
                    "like_count": 48750,
                    "timestamp": "2023-10-30T04:58:34+0000",
                    "id": "18006351673916947"
                },
                {
                    "caption": "🤍Santorini getaway 💙
  my magic secret to every trip🪄 
  
  幻想快閃一轉希臘，特別喜歡藍白色嘅世界。
  成日周圍飛，行「妝」一定要夠輕便！
  我就會隨身帶住LANEIGE #NeoCushion 氣墊粉底，遮瑕度高，輕拍幾下已經可以遮到唔同瑕疵。透薄又自然，仲可以Keep成日都唔甩妝✨補妝更加無敵方便✌🏽
  
  而家SOGO感謝祭開始咗Lu ～想試NEO Cushion #無重零瑕妝感 嘅咖啡豆千其唔好錯過啊🥰
  
  laneigehk #LANEIGEHK #氣墊粉底 #NEO氣墊粉底 #Cushion粉底 #輕透貼服 #細緻零瑕 #50小時抗氧持妝","comments_count": 16,
                    "like_count": 5204,
                    "timestamp": "2023-10-28T08:26:55+0000",
                    "id": "18012417235815659"
                },
                {
                    "caption": "「發夢要繼續去 繼續我熱情🔥
  
  這世界每個機會來之不易，所以當機會來的時候就要好好把握，盡全力做好每個作品。幸好做這首熱血歌 《Never Say Never》時可以得到多方面支持，令我更能放膽好好詮釋，仲邀請到Fuji Lena 出山拍呢個MV，thank you so much lenafujii0702 
  
  多謝一直都咁撐我嘅三哥，今次先可以遠赴日本拍攝MV🔥追夢嘅人，一定要堅持！
  
  今年更係譚仔三哥15周年，繼續香港人精神，#堅持辣着，以味道、態度辣着大家，即日起用三哥辛派App落單嗌【 #三哥黑蒜油味噌湯米線｜肥牛．溏心蛋】，即享會員專屬優惠$43買到（原價：$48）
  
  惠顧三哥黑蒜油味噌湯米線即送《Never Say Never》歌詞卡🤎
  
  tamjai_samgor #譚仔三哥 #譚仔三哥15周年 # NeverSayNever #thebridgehk","comments_count": 42,
                    "like_count": 6290,
                    "timestamp": "2023-10-26T13:33:55+0000",
                    "id": "18021965677668187"
                },
                {
                    "caption": "終於在日本拍了我想拍的First Love 
  《Never Say Never》
  
  明晚9點 MV及各大平台上架
  
   #謝謝各單位的努力 #不派台 #因為某些原因而誕生","comments_count": 111,
                    "like_count": 15935,
                    "timestamp": "2023-10-25T14:23:09+0000",
                    "id": "17887378727941106"
                },
                {
                    "caption": "《Never Say Never》10.26 9pm MV首播及各大平台上架
  
  曲：Anson Chan
  詞：梁栢堅
  編：Anson Chan@emp
  監：Edward Chan/ Anson Chan@emp
  
  #不是派台歌喔 #做個勤力仔","comments_count": 85,
                    "like_count": 20624,
                    "timestamp": "2023-10-24T13:00:11+0000",
                    "id": "18001768013127582"
                },
                {
                    "caption": "Paris random photos 🌹
  gonna miss Paris and Amsterdam so much 
  
  press.only","comments_count": 29,
                    "like_count": 9569,
                    "timestamp": "2023-10-22T13:31:32+0000",
                    "id": "18025749901729289"
                },
                {
                    "caption": "Picture Me a Superhero 🦹🏾
  如果有一天我能當上英雄……
  My first pick will be Spider-Man🕸️
  
  《Marvel's Spider-Man 2》今日推出啦！即日起至10月31號喺銅鑼灣Fashion Walk有主題展🪄現場有多個打卡點，同實物大雕像😍嚟現場打卡做任務 即可以拎走豐富禮物🎁仲有機會贏咗限量版PS5主機🤫
  
  我同Ronald tinyeyes39 已經搶先嚟咗現場打卡🤪大家都記得嚟試玩新Game同拎禮物啦🎁
  
  PlayStationHK 
  #BeGreaterTogether #SpiderMan2PS5","comments_count": 29,
                    "like_count": 9703,
                    "timestamp": "2023-10-20T13:20:57+0000",
                    "id": "18074052520416440"
                },
                {
                    "caption": "晚上戶外唱歌真的太浪漫🌹
  也唱了一首未唱過的歌 希望大家喜歡
  是你們見證我一步一步成長
  今次比以前學會放鬆一點點
  持續獲取經驗值
  
  「是一加一的雙重力量 愛得雙向」
  歌迷粉絲的陪伴就是我的力量⭐️
  
  thank you mercedesbenzhk for the lovely night","comments_count": 161,
                    "like_count": 30179,
                    "timestamp": "2023-10-15T14:59:58+0000",
                    "id": "18008104000974532"
                },
                {
                    "caption": "早幾日睇咗個美國水腫版AI學生look
  而家俾返個真學生look 大家睇下🤪
  
  #followmeto","comments_count": 115,
                    "like_count": 27704,
                    "timestamp": "2023-10-11T14:22:19+0000",
                    "id": "18010914874822317"
                },
                {
                    "caption": "Hi, I am Ben.
  Nice to meet you 
  
  俾咗express錢，高質素🙂","comments_count": 376,
                    "like_count": 40187,
                    "timestamp": "2023-10-05T15:21:44+0000",
                    "id": "17994518546472149"
                },
                {
                    "caption": "ดีใจที่ได้พบคุณทุกคน
  Happy to meet you all
  What a lovely night 
  safe flight and see you in Bangkok! 
  
  from Paris, Seoul and finally can meet up 
  
  最記得第一次見🤣佢地以為我係泰國人","comments_count": 32,
                    "like_count": 15558,
                    "timestamp": "2023-10-01T15:17:58+0000",
                    "id": "18159435811292834"
                },
                {
                    "caption": "Today Tomorrow To beyond 
  
  嚟緊10月又有戶外show演出，好開心今年能夠以歌手身份參與 mercedesbenzhk 舉行嘅BAM Festival 2023演唱會，期待當晚同大家過一個難忘週末，到時仲會唱新歌《失約巴黎》，唔好失約🤣一齊約定10月見！
  立即登記免費入場🥰✨
  
  演出詳情🫶🏽
  日期：2023年10月14日
  地點：中環海濱活動空間
  時間：晚上7時半 至 9時半
  
  #MercedesBenzHongKong #MBHK #BAMHK","comments_count": 21,
                    "like_count": 3367,
                    "timestamp": "2023-09-30T13:09:52+0000",
                    "id": "17880322907895614"
                },
                {
                    "caption": "人生成就解鎖 🇫🇷 要好好記錄這天
  獲法國領事接見的我超級緊張
  
  誰能想到一首有關巴黎的歌能把我帶到這麼遠🗼
  趁著年輕沒太多負擔的時候
  把你想做的事默默堅持到底
  因為當你真心想做好一件事
  整個世界都會聯合起來幫忙
  
  這是最好的中秋禮物
  也是給我自己和團隊一個很大的肯定
  當做音樂能做到不同的文化交流 
  這大概是最高無上的認同了
  
  Merci Mme Christile Drulhe pour vos gentils mots d'encouragement franceinhk 
  
  Wardrobe: dior 
  jewellery boucheron 
  
  #失約巴黎 #BeforeSunset","comments_count": 241,
                    "like_count": 49592,
                    "timestamp": "2023-09-28T14:06:21+0000",
                    "id": "18109518724328404"
                },
                {
                    "caption": "我已經開始想念你✨🤎",
                    "comments_count": 130,
                    "like_count": 36682,
                    "timestamp": "2023-09-27T14:37:19+0000",
                    "id": "17875127345967670"
                },
                {
                    "caption": "dancing king 👑 
  要變成跳舞小王子
  
   wilsoncommhk  #衛訊 #Wilson #嚟衛訊乜舊都Trade得","comments_count": 22,
                    "like_count": 4333,
                    "timestamp": "2023-09-26T13:55:20+0000",
                    "id": "17892607184830399"
                },
                {
                    "caption": "想當個性感又可愛的男人🥀
  
  #TMonogram
  #ToryBurchHK
  #ToryBurchFW23
  toryburch","comments_count": 45,
                    "like_count": 15070,
                    "timestamp": "2023-09-23T13:36:21+0000",
                    "id": "17977392524588350"
                },
                {
                    "caption": "記錄各種蝦碌畫面和彩蛋🤓",
                    "comments_count": 103,
                    "like_count": 25653,
                    "timestamp": "2023-09-21T13:13:24+0000",
                    "id": "17982560051394644"
                },
                {
                    "caption": "睇唔睇到我嘅眼神有幾專注🏓
  因為曳豬被罰，由天神「燉冬菇」變做送水笙🎽
  
  全因我想為咖啡豆爭取福利，依家只要係 laneigehk 官網輸入優惠碼📍【JEFFREY】或者係門市出示呢個IG post嘅cap圖，任何購物可以額外獲得Water Bank水庫補濕2件旅行裝🫶🏽，爆水面霜套裝仲有特別優惠！
  
  🔍想知點解我最近又忙拍戲又忙新歌宣傳，皮膚都可以保持水潤彈滑，識簡一定簡Water Bank爆水面霜，除咗幫我爆水保濕之外，仲可以改善捱夜出現嘅皮膚問題💧
  
  各位咖啡豆stay tuned on more collaborations with LANEIGE 🫧
  
  #LANEIGEHK #補濕專員Jeffrey #2000倍激細透明質酸 #WaterBank #爆水面霜 #秒速水活 #修復屏障","comments_count": 20,
                    "like_count": 6025,
                    "timestamp": "2023-09-16T04:29:02+0000",
                    "id": "17855924042999062"
                },
                {
                    "caption": "🤎《失約巴黎》唱出對追夢嘅堅持
  就算試新嘢都唔會放棄我嘅初心💚
  
  今次試吓唱出 wilsoncommhk 嘅 #Trade機之道 🎤
  話畀大家知「 #嚟衛訊乜舊都Trade得 」，換新Gadgets好「亨鬆」！ 
  
  舊手機、平板、藍芽耳機🎧、⌚都可以用 #靚價 Trade in ～舊客回收價仲高啲！再將舊機Data Tran去新機 👏🏻要Keep住初心回憶？其實唔難😎
  
  就算諗緊Trade乜好，都唔使答「冇」！🤣
  Trade走儲埋嘅舊機換Coupon慢慢用都得☀️ #Trade機仍是機 
  
  🎙️ 「乜都Trade、預先Trade、賺住Trade、衛訊Trade～🎶」
  
  Trade in優惠受條款及細則約束，詳情請向店員查詢。
  
  #衛訊 #Wilson #wilsoncommhk #嚟衛訊乜舊都Trade得 #TradeGadgets都得 #靚價TradeIn #Trade高啲都得 #舊客Trade高幾百 #Trade住先都得","comments_count": 35,
                    "like_count": 5724,
                    "timestamp": "2023-09-13T13:03:04+0000",
                    "id": "18225214231223996"
                },
                {
                    "caption": "🎵你話過　要伴我　食三哥🌶
  今年適逢譚仔三哥15周年，試下做日本高校生
  
  化身撕漫男代言最新#期間限定 米線 #三哥黑蒜油味噌湯米線
  今次用左赤、白味噌同黑蒜油加入三哥秘製湯底
  配埋軟嫩嘅豬腩卷同溏心蛋🥚
  呢個港日混血米線香濃惹味，真係令人一試難忘！
  小食方面就有 #麻香昆布素菜卷 
  同樣都係港日 fusion 小食🫶🏽
  日式關東煮風味加入香辣嘅麻辣油，超特別！甜得嚟仲有麻辣感，配埋口感清爽的「櫻花蒟蒻蘋果綠茶」🌸 
  
  我試食咗，真係會上癮✨
  同上年一樣，記得吃完米線同三哥姐姐攞Jeffrey明信片，每間分店都有得拎！🫶🏼
  數量有限，送完即止。
  
  #譚仔三哥 #譚仔三哥15周年 #堅持辣着 #thebridgehk
  tamjai_samgor","comments_count": 70,
                    "like_count": 21615,
                    "timestamp": "2023-09-11T13:02:49+0000",
                    "id": "17981411633248027"
                }
            ],
            "paging": {
                "cursors": {
                    "after": "QVFIUkEwWGJLTVlyd0dCZAF9pdldEMnR5am45OGR4dFJoeFZAyaGMxT0xMRkJSc1RUcngwR0dpQ3NGMi1ZANGNRdE40RVJwQVBWS0pDNGdVR09GT2JzZAVJDeURn"
                }
            }
        },
        "id": "17841401472850769"
    },
    "id": "17841462821063699"
}