{
    "business_discovery": {
        "ig_id": 54361831717,
        "name": "HUH YUNJIN",
        "profile_picture_url": "https://scontent.fhkg10-1.fna.fbcdn.net/v/t51.2885-15/296395619_355551373445926_518509073458049891_n.jpg?_nc_cat=1&ccb=1-7&_nc_sid=7d201b&_nc_ohc=7PNHuZcd8wkAX97kk8z&_nc_oc=AQlInG9tHlHAAMTPwPdyEA8E5905dnRi5Lty34EyuLI0O_hRuIbz3bV3WP_Tr9_3uno&_nc_ht=scontent.fhkg10-1.fna&edm=AL-3X8kEAAAA&oh=00_AfBWO9x7YL2noRRZBbzFauRsaLCwWOreo5_7a8bXaejaIQ&oe=6554C9D0",
        "username": "jenaissante",
        "followers_count": 7972947,
        "media_count": 162,
        "media": {
            "data": [
                {
                    "caption": "ginjen🧡",
                    "comments_count": 4903,
                    "like_count": 1322351,
                    "timestamp": "2023-11-10T16:34:00+0000",
                    "id": "18040511758567604"
                },
                {
                    "caption": "번지점프 또 하고싶다",
                    "comments_count": 4596,
                    "like_count": 1660707,
                    "timestamp": "2023-11-09T00:57:27+0000",
                    "id": "17990515172519108"
                },
                {
                    "caption": "life",
                    "comments_count": 5252,
                    "like_count": 1540151,
                    "timestamp": "2023-11-08T09:41:08+0000",
                    "id": "18393255562007365"
                },
                {
                    "caption": "perfect night 활동 함께해주셔서 감사합니다💌",
                    "comments_count": 4383,
                    "like_count": 1465983,
                    "timestamp": "2023-11-06T15:43:43+0000",
                    "id": "18062160760456795"
                },
                {
                    "caption": "thank you blizzcon!!❄️🤍",
                    "comments_count": 7092,
                    "like_count": 1766969,
                    "timestamp": "2023-11-05T04:13:13+0000",
                    "id": "17988636782395187"
                },
                {
                    "caption": "ny dump (again)",
                    "comments_count": 5621,
                    "like_count": 1597563,
                    "timestamp": "2023-11-04T13:44:35+0000",
                    "id": "18013504978942667"
                },
                {
                    "caption": "뉴~요옥 벌써 그리우ㅓ",
                    "comments_count": 3426,
                    "like_count": 1474028,
                    "timestamp": "2023-11-03T16:21:34+0000",
                    "id": "17908555559779335"
                },
                {
                    "comments_count": 2477,
                    "like_count": 943558,
                    "timestamp": "2023-11-02T22:53:47+0000",
                    "id": "17981700656592302"
                },
                {
                    "caption": "🏀",
                    "comments_count": 11536,
                    "like_count": 3453896,
                    "timestamp": "2023-11-02T07:26:18+0000",
                    "id": "17966195906645536"
                },
                {
                    "caption": "no shoes on the bed!",
                    "comments_count": 4145,
                    "like_count": 1790553,
                    "timestamp": "2023-11-01T11:14:53+0000",
                    "id": "18006222158085566"
                },
                {
                    "caption": "where to for our next perfect night? 🤔",
                    "comments_count": 2421,
                    "like_count": 1005626,
                    "timestamp": "2023-10-31T13:45:33+0000",
                    "id": "17973560804473783"
                },
                {
                    "caption": "sol mi do",
                    "comments_count": 4634,
                    "like_count": 1374722,
                    "timestamp": "2023-10-30T17:45:55+0000",
                    "id": "17985951548285757"
                },
                {
                    "caption": "🌂",
                    "comments_count": 3382,
                    "like_count": 1455561,
                    "timestamp": "2023-10-30T01:20:07+0000",
                    "id": "18316995982129535"
                },
                {
                    "caption": "word of the day: awesome",
                    "comments_count": 2792,
                    "like_count": 1254672,
                    "timestamp": "2023-10-29T03:51:52+0000",
                    "id": "18315809302129594"
                },
                {
                    "caption": "todays camera crumbs",
                    "comments_count": 4035,
                    "like_count": 1366192,
                    "timestamp": "2023-10-28T03:44:36+0000",
                    "id": "17874436244940435"
                },
                {
                    "caption": "the Big 🍎",
                    "comments_count": 5068,
                    "like_count": 1675669,
                    "timestamp": "2023-10-27T15:43:52+0000",
                    "id": "18080046592405759"
                },
                {
                    "caption": "me n my girlies",
                    "comments_count": 5735,
                    "like_count": 2193268,
                    "timestamp": "2023-10-27T15:09:55+0000",
                    "id": "17982403640582852"
                },
                {
                    "caption": "ྀི♡",
                    "comments_count": 3547,
                    "like_count": 1414637,
                    "timestamp": "2023-10-25T01:00:19+0000",
                    "id": "17983716824303751"
                },
                {
                    "caption": "where dreams come true",
                    "comments_count": 2611,
                    "like_count": 1648090,
                    "timestamp": "2023-10-20T09:26:51+0000",
                    "id": "18037551109570198"
                },
                {
                    "caption": "안티야 넌 돌잡이로 프레즐 잡을랑가",
                    "comments_count": 4530,
                    "like_count": 1655700,
                    "timestamp": "2023-10-17T09:22:11+0000",
                    "id": "18008789764853104"
                },
                {
                    "caption": "한국 익스클루시브 캡슐 컬렉션⚜️
  .
  louisvuitton nicolasghesquiere  #LVPrefall23 #LouisVuitton #광고","comments_count": 1656,"like_count": 490082,
                    "timestamp": "2023-10-15T02:29:45+0000",
                    "id": "17923951325696791"
                },
                {
                    "caption": "👜🤎",
                    "comments_count": 1708,
                    "like_count": 803854,
                    "timestamp": "2023-10-14T11:48:17+0000",
                    "id": "17866031517006936"
                },
                {
                    "caption": "💙❤️ louisvuitton nicolasghesquiere #LVPrefall23 #LouisVuitton #광고",
                    "comments_count": 1379,
                    "like_count": 802021,
                    "timestamp": "2023-10-13T06:08:53+0000",
                    "id": "18233825485241102"
                },
                {
                    "caption": "louisvuitton nicolasghesquiere #LVPrefall23 #LouisVuitton #광고",
                    "comments_count": 1213,
                    "like_count": 749638,
                    "timestamp": "2023-10-13T06:08:18+0000",
                    "id": "18003458093099276"
                },
                {
                    "caption": "ukwhat2do🩷",
                    "comments_count": 6819,
                    "like_count": 1882848,
                    "timestamp": "2023-10-03T08:45:06+0000",
                    "id": "18010484644793330"
                }
            ],
            "paging": {
                "cursors": {
                    "after": "QVFIUjBpRkd1UDVjOVRtMUs5d2FzYmJRTUxLSWx1czJUbVFFQ2UtM0hUYlh4WkwyenRqem9kTUw4YklMbDRnTWQ2NWhUNTVkWXJyQUt1cm9VQU1rbDJIbFln"
                }
            }
        }
    }
}