{
  "etag": "3q3jGAXB-I0vJdWzxXcR_jfde6M",
  "items": [
    {
      "etag": "9GwfA6cLjW37embkuVqKNW--2Z0",
      "id": "TEF9Iizm-PU",
      "kind": "youtube#video",
      "snippet": {
        "categoryId": "26",
        "channelId": "UCXnWjmQ8BDE0sDIeZLK5yJg",
        "channelTitle": "點 Cook Guide",
        "defaultAudioLanguage": "zh-HK",
        "defaultLanguage": "zh-HK",
        "description": "#CASETiFYHK 全年最勁雙十一優惠嚟啦!! 快啲 Click Link 掃貨啦！\n\nhttps://cst.fyi/aBHtE\n\n1 件 85 折，2 件 75 折， 3 件或以上 7 折#\n買夠 3 件以上額外送多張 HKD$50 現金券*!\n優惠期 7/11-13/11，把握機會喇！\n\n*HKD 50 現金券只適用於 CASETiFY 會員，立即加入 CASETiFY 會員以享用現金券優惠。\n*若要獲得 HKD50 現金券，請以以上連結打開官網，結帳前必須登入 CASETiFY 會員及輸入優惠碼 「COOK50」。\n*CASETiFY 會員使用會員帳戶買滿 3 件或以上並成功付款，您的會員登記電郵將會於優惠期後 20-30 個工作天後收到現金券兌換碼，可以此兌換碼於下次購物時使用。\n*請確定您於登記時已提供電郵地址並同意接收推廣電郵。\n*HKD 50 現金券兌換有效期為 2023 年 11 月 7 日 至 2023 年 11 月 13 日。\n*HKD 50 現金券使用有效期至2023年 12 月 31 日。\n*HKD 50 現金券只限官網使用。\n*HKD 50 現金券不適用於聯乘系列、新產品及 Wabi Sabi 手機殼\n*優惠碼及 HKD 50 現金券只適用於香港地區\n*如有任何爭議，CASETiFY 保留一切最終決定權。\n\n# 折扣優惠及優惠碼只適用於指定產品及原價產品。\n# 影片中折扣金額為購買三件產品的大約數字，請以官網作準。\n#1111Sale #singlesday\n\n【幕後花絮/NG 片段/直播重溫】 \n加入會員👉🏻 https://www.youtube.com/channel/UCXnWjmQ8BDE0sDIeZLK5yJg/join\n\n👇🏻更多影片👇🏻\nhttps://youtu.be/SCx1gWPvZzc\nhttps://youtu.be/B1DwzeupeQQ\nhttps://youtu.be/b4_VMM8yHyU\nhttps://youtu.be/e20-CFyei7M\nhttps://youtu.be/YgEDE_eYC2A\n\n食譜:\nhttps://goo.gl/Et2PfQ\nFacebook:\nhttps://goo.gl/Fo5hMy\nInstagram:\nhttps://goo.gl/4mbHfZ\nYoutube:\n點 Cook Guide: https://goo.gl/ktnACG\n搞神馬: https://goo.gl/MxB7FX\n\n關鍵字:\n#美酒佳餚 #香港 #美食 #中環 #芝士 #意粉 \n#食譜 #煮食 #甜品 #生活 #開箱 #試食 #旅遊 #vlog",
        "liveBroadcastContent": "none",
        "localized": {
          "description": "#CASETiFYHK 全年最勁雙十一優惠嚟啦!! 快啲 Click Link 掃貨啦！\n\nhttps://cst.fyi/aBHtE\n\n1 件 85 折，2 件 75 折， 3 件或以上 7 折#\n買夠 3 件以上額外送多張 HKD$50 現金券*!\n優惠期 7/11-13/11，把握機會喇！\n\n*HKD 50 現金券只適用於 CASETiFY 會員，立即加入 CASETiFY 會員以享用現金券優惠。\n*若要獲得 HKD50 現金券，請以以上連結打開官網，結帳前必須登入 CASETiFY 會員及輸入優惠碼 「COOK50」。\n*CASETiFY 會員使用會員帳戶買滿 3 件或以上並成功付款，您的會員登記電郵將會於優惠期後 20-30 個工作天後收到現金券兌換碼，可以此兌換碼於下次購物時使用。\n*請確定您於登記時已提供電郵地址並同意接收推廣電郵。\n*HKD 50 現金券兌換有效期為 2023 年 11 月 7 日 至 2023 年 11 月 13 日。\n*HKD 50 現金券使用有效期至2023年 12 月 31 日。\n*HKD 50 現金券只限官網使用。\n*HKD 50 現金券不適用於聯乘系列、新產品及 Wabi Sabi 手機殼\n*優惠碼及 HKD 50 現金券只適用於香港地區\n*如有任何爭議，CASETiFY 保留一切最終決定權。\n\n# 折扣優惠及優惠碼只適用於指定產品及原價產品。\n# 影片中折扣金額為購買三件產品的大約數字，請以官網作準。\n#1111Sale #singlesday\n\n【幕後花絮/NG 片段/直播重溫】 \n加入會員👉🏻 https://www.youtube.com/channel/UCXnWjmQ8BDE0sDIeZLK5yJg/join\n\n👇🏻更多影片👇🏻\nhttps://youtu.be/SCx1gWPvZzc\nhttps://youtu.be/B1DwzeupeQQ\nhttps://youtu.be/b4_VMM8yHyU\nhttps://youtu.be/e20-CFyei7M\nhttps://youtu.be/YgEDE_eYC2A\n\n食譜:\nhttps://goo.gl/Et2PfQ\nFacebook:\nhttps://goo.gl/Fo5hMy\nInstagram:\nhttps://goo.gl/4mbHfZ\nYoutube:\n點 Cook Guide: https://goo.gl/ktnACG\n搞神馬: https://goo.gl/MxB7FX\n\n關鍵字:\n#美酒佳餚 #香港 #美食 #中環 #芝士 #意粉 \n#食譜 #煮食 #甜品 #生活 #開箱 #試食 #旅遊 #vlog",
          "title": "【豪洗$400】品味券攻陷阱🚨 換盡美酒佳餚？🍷🤤｜酒前酒後應該食啲咩？｜美酒佳餚巡禮2023"
        },
        "publishedAt": {
          "value": 1699617632000,
          "dateOnly": false,
          "timeZoneShift": 0
        },
        "tags": [
          "recipe",
          "食譜",
          "煮食",
          "cooking",
          "馬田",
          "日常",
          "日本",
          "台灣",
          "旅遊",
          "甜品",
          "food",
          "開箱",
          "牛旨商店"
        ],
        "thumbnails": {
          "default": {
            "height": 90,
            "url": "https://i.ytimg.com/vi/TEF9Iizm-PU/default.jpg",
            "width": 120
          },
          "high": {
            "height": 360,
            "url": "https://i.ytimg.com/vi/TEF9Iizm-PU/hqdefault.jpg",
            "width": 480
          },
          "maxres": {
            "height": 720,
            "url": "https://i.ytimg.com/vi/TEF9Iizm-PU/maxresdefault.jpg",
            "width": 1280
          },
          "medium": {
            "height": 180,
            "url": "https://i.ytimg.com/vi/TEF9Iizm-PU/mqdefault.jpg",
            "width": 320
          },
          "standard": {
            "height": 480,
            "url": "https://i.ytimg.com/vi/TEF9Iizm-PU/sddefault.jpg",
            "width": 640
          }
        },
        "title": "【豪洗$400】品味券攻陷阱🚨 換盡美酒佳餚？🍷🤤｜酒前酒後應該食啲咩？｜美酒佳餚巡禮2023"
      },
      "statistics": {
        "commentCount": 46,
        "favoriteCount": 0,
        "likeCount": 1555,
        "viewCount": 47996
      },
      "topicDetails": {
        "topicCategories": [
          "https://en.wikipedia.org/wiki/Food",
          "https://en.wikipedia.org/wiki/Lifestyle_(sociology)",
          "https://en.wikipedia.org/wiki/Tourism"
        ]
      }
    }
  ],
  "kind": "youtube#videoListResponse",
  "pageInfo": {
    "resultsPerPage": 1,
    "totalResults": 1
  }
}