{
    "etag": "OyESYd_RGqGv9RJsYI3CnzHLw1g",
    "items": [
      {
        "etag": "zYTzH86hZOy5VVt5CzukWbxppqQ",
        "id": "UgzeZWmOx1NJ9MSsRKJ4AaABAg",
        "kind": "youtube#commentThread",
        "snippet": {
          "canReply": true,
          "channelId": "UCXnWjmQ8BDE0sDIeZLK5yJg",
          "isPublic": true,
          "topLevelComment": {
            "etag": "PiJYcLsM2wFe9sHa7r68aGu1QC4",
            "id": "UgzeZWmOx1NJ9MSsRKJ4AaABAg",
            "kind": "youtube#comment",
            "snippet": {
              "authorChannelId": {
                "value": "UCfuEpoyV-tesn_i3WQlzglg"
              },
              "authorChannelUrl": "http://www.youtube.com/channel/UCfuEpoyV-tesn_i3WQlzglg",
              "authorDisplayName": "Erica C",
              "authorProfileImageUrl": "https://yt3.ggpht.com/ytc/APkrFKbiHJW94-yBWvDKp_mVkbJud6Zv7lreTw7QdA=s48-c-k-c0x00ffffff-no-rj",
              "canRate": true,
              "channelId": "UCXnWjmQ8BDE0sDIeZLK5yJg",
              "likeCount": 13,
              "publishedAt": {
                "value": 1699624781000,
                "dateOnly": false,
                "timeZoneShift": 0
              },
              "textDisplay": "啲酒睇落幾正<br>但啲嘢食又貴，又要排隊，又要企喺度食咁狼狽，真係得閒無嘢做錢多先會去😂",
              "textOriginal": "啲酒睇落幾正\n但啲嘢食又貴，又要排隊，又要企喺度食咁狼狽，真係得閒無嘢做錢多先會去😂",
              "updatedAt": {
                "value": 1699624781000,
                "dateOnly": false,
                "timeZoneShift": 0
              },
              "videoId": "TEF9Iizm-PU",
              "viewerRating": "none"
            }
          },
          "totalReplyCount": 0,
          "videoId": "TEF9Iizm-PU"
        }
      },
      {
        "etag": "cnb6r2gIhTnhAhIsfy6_ZDPhY-k",
        "id": "UgwtV2w9e-i3zLb3SZt4AaABAg",
        "kind": "youtube#commentThread",
        "snippet": {
          "canReply": true,
          "channelId": "UCXnWjmQ8BDE0sDIeZLK5yJg",
          "isPublic": true,
          "topLevelComment": {
            "etag": "IwK9HAvIqGM0-7qF3VyroDi2hLk",
            "id": "UgwtV2w9e-i3zLb3SZt4AaABAg",
            "kind": "youtube#comment",
            "snippet": {
              "authorChannelId": {
                "value": "UCXxJc_qyU2DD_rdB33CdDgA"
              },
              "authorChannelUrl": "http://www.youtube.com/channel/UCXxJc_qyU2DD_rdB33CdDgA",
              "authorDisplayName": "Maggie Cheung",
              "authorProfileImageUrl": "https://yt3.ggpht.com/ytc/APkrFKaR1yYCOxjhTamceC5DNKMnB9Lpo5aZm_e8Oozy=s48-c-k-c0x00ffffff-no-rj",
              "canRate": true,
              "channelId": "UCXnWjmQ8BDE0sDIeZLK5yJg",
              "likeCount": 15,
              "publishedAt": {
                "value": 1699619991000,
                "dateOnly": false,
                "timeZoneShift": 0
              },
              "textDisplay": "原來入邊咁多野食<br>雖然馬田話似劣食<br>就咁睇豬手蘑菇湯同芝土幾吸引<br>係個意粉好hea",
              "textOriginal": "原來入邊咁多野食\n雖然馬田話似劣食\n就咁睇豬手蘑菇湯同芝土幾吸引\n係個意粉好hea",
              "updatedAt": {
                "value": 1699621189000,
                "dateOnly": false,
                "timeZoneShift": 0
              },
              "videoId": "TEF9Iizm-PU",
              "viewerRating": "none"
            }
          },
          "totalReplyCount": 0,
          "videoId": "TEF9Iizm-PU"
        }
      },
      {
        "etag": "A3SBObz00pE7khDSkWn_T2hAKUE",
        "id": "UgwZzWqKqhdRQ9I54C14AaABAg",
        "kind": "youtube#commentThread",
        "snippet": {
          "canReply": true,
          "channelId": "UCXnWjmQ8BDE0sDIeZLK5yJg",
          "isPublic": true,
          "topLevelComment": {
            "etag": "PQYHVWOMUXMO5F6i9bcp4iG6pZE",
            "id": "UgwZzWqKqhdRQ9I54C14AaABAg",
            "kind": "youtube#comment",
            "snippet": {
              "authorChannelId": {
                "value": "UCsYOZ90Lzs9QOFa8bxLpD7Q"
              },
              "authorChannelUrl": "http://www.youtube.com/channel/UCsYOZ90Lzs9QOFa8bxLpD7Q",
              "authorDisplayName": "AB Lam",
              "authorProfileImageUrl": "https://yt3.ggpht.com/ytc/APkrFKZC0m3yA_VaIxlPEebnYdhh7-xjZqA6h_aBu6953g=s48-c-k-c0x00ffffff-no-rj",
              "canRate": true,
              "channelId": "UCXnWjmQ8BDE0sDIeZLK5yJg",
              "likeCount": 1,
              "publishedAt": {
                "value": 1699625784000,
                "dateOnly": false,
                "timeZoneShift": 0
              },
              "textDisplay": "買完會員 case , 見到馬田有discount code 又要跑數😂再買再買",
              "textOriginal": "買完會員 case , 見到馬田有discount code 又要跑數😂再買再買",
              "updatedAt": {
                "value": 1699625807000,
                "dateOnly": false,
                "timeZoneShift": 0
              },
              "videoId": "TEF9Iizm-PU",
              "viewerRating": "none"
            }
          },
          "totalReplyCount": 0,
          "videoId": "TEF9Iizm-PU"
        }
      },
      {
        "etag": "tN9S9i5HSaZO6zcFKklLwoUEOds",
        "id": "UgyNPiSuInnW16R9Y254AaABAg",
        "kind": "youtube#commentThread",
        "replies": {
          "comments": [
            {
              "etag": "OgDCvQBho47L8k2CDMdl4Brhcxg",
              "id": "UgyNPiSuInnW16R9Y254AaABAg.9wwKUsfFyoV9wwXt5W7Ml8",
              "kind": "youtube#comment",
              "snippet": {
                "authorChannelId": {
                  "value": "UCjz3qiy3j-g605VIMzW7DhA"
                },
                "authorChannelUrl": "http://www.youtube.com/channel/UCjz3qiy3j-g605VIMzW7DhA",
                "authorDisplayName": "koalafrancehk",
                "authorProfileImageUrl": "https://yt3.ggpht.com/ytc/APkrFKaDAt2JDAJ_h_p0vxvOvL3f_A-xtk8l_evonqv_=s48-c-k-c0x00ffffff-no-rj",
                "canRate": true,
                "channelId": "UCXnWjmQ8BDE0sDIeZLK5yJg",
                "likeCount": 1,
                "parentId": "UgyNPiSuInnW16R9Y254AaABAg",
                "publishedAt": {
                  "value": 1699627285000,
                  "dateOnly": false,
                  "timeZoneShift": 0
                },
                "textDisplay": "係唔係只限酒商入場？",
                "textOriginal": "係唔係只限酒商入場？",
                "updatedAt": {
                  "value": 1699627285000,
                  "dateOnly": false,
                  "timeZoneShift": 0
                },
                "videoId": "TEF9Iizm-PU",
                "viewerRating": "none"
              }
            },
            {
              "etag": "woJtd42zAmpWFTTVfLjxzudgYKE",
              "id": "UgyNPiSuInnW16R9Y254AaABAg.9wwKUsfFyoV9wwfUvqTaLD",
              "kind": "youtube#comment",
              "snippet": {
                "authorChannelId": {
                  "value": "UCg0l5rd1xoGvOUoiq72uC-A"
                },
                "authorChannelUrl": "http://www.youtube.com/channel/UCg0l5rd1xoGvOUoiq72uC-A",
                "authorDisplayName": "Jimmy",
                "authorProfileImageUrl": "https://yt3.ggpht.com/ytc/APkrFKaeT5XmJ0Kth3PI0haWLxo4sysBN03HEH2yFg=s48-c-k-c0x00ffffff-no-rj",
                "canRate": true,
                "channelId": "UCXnWjmQ8BDE0sDIeZLK5yJg",
                "likeCount": 1,
                "parentId": "UgyNPiSuInnW16R9Y254AaABAg",
                "publishedAt": {
                  "value": 1699631797000,
                  "dateOnly": false,
                  "timeZoneShift": 0
                },
                "textDisplay": "@koalafrancehk 有一日公眾日",
                "textOriginal": "@koalafrancehk 有一日公眾日",
                "updatedAt": {
                  "value": 1699631797000,
                  "dateOnly": false,
                  "timeZoneShift": 0
                },
                "videoId": "TEF9Iizm-PU",
                "viewerRating": "none"
              }
            }
          ]
        },
        "snippet": {
          "canReply": true,
          "channelId": "UCXnWjmQ8BDE0sDIeZLK5yJg",
          "isPublic": true,
          "topLevelComment": {
            "etag": "96RW645ifaDHKX6Ww-vuXYPrwkg",
            "id": "UgyNPiSuInnW16R9Y254AaABAg",
            "kind": "youtube#comment",
            "snippet": {
              "authorChannelId": {
                "value": "UCg0l5rd1xoGvOUoiq72uC-A"
              },
              "authorChannelUrl": "http://www.youtube.com/channel/UCg0l5rd1xoGvOUoiq72uC-A",
              "authorDisplayName": "Jimmy",
              "authorProfileImageUrl": "https://yt3.ggpht.com/ytc/APkrFKaeT5XmJ0Kth3PI0haWLxo4sysBN03HEH2yFg=s48-c-k-c0x00ffffff-no-rj",
              "canRate": true,
              "channelId": "UCXnWjmQ8BDE0sDIeZLK5yJg",
              "likeCount": 17,
              "publishedAt": {
                "value": 1699620263000,
                "dateOnly": false,
                "timeZoneShift": 0
              },
              "textDisplay": "如果單飲酒，美酒展正好多，入場費99，酒九成都免費試飲，但佳餚節起戶外氣氛好似正啲",
              "textOriginal": "如果單飲酒，美酒展正好多，入場費99，酒九成都免費試飲，但佳餚節起戶外氣氛好似正啲",
              "updatedAt": {
                "value": 1699620263000,
                "dateOnly": false,
                "timeZoneShift": 0
              },
              "videoId": "TEF9Iizm-PU",
              "viewerRating": "none"
            }
          },
          "totalReplyCount": 2,
          "videoId": "TEF9Iizm-PU"
        }
      },
      {
        "etag": "aOdkhJoK3m_MxMZ03yaM9yP49GY",
        "id": "UgxFUcyMg4o-rgDrV3F4AaABAg",
        "kind": "youtube#commentThread",
        "snippet": {
          "canReply": true,
          "channelId": "UCXnWjmQ8BDE0sDIeZLK5yJg",
          "isPublic": true,
          "topLevelComment": {
            "etag": "y0dUMaXTCkh3aqOkH4b-hHHtFV0",
            "id": "UgxFUcyMg4o-rgDrV3F4AaABAg",
            "kind": "youtube#comment",
            "snippet": {
              "authorChannelId": {
                "value": "UCexly9r-aI3AjfkEKSjXR4A"
              },
              "authorChannelUrl": "http://www.youtube.com/channel/UCexly9r-aI3AjfkEKSjXR4A",
              "authorDisplayName": "Eva Cheung",
              "authorProfileImageUrl": "https://yt3.ggpht.com/ytc/APkrFKZQM3cMGkoDMIFcdXqQ2YRwP5oMp-O96a-dbg=s48-c-k-c0x00ffffff-no-rj",
              "canRate": true,
              "channelId": "UCXnWjmQ8BDE0sDIeZLK5yJg",
              "likeCount": 2,
              "publishedAt": {
                "value": 1699676237000,
                "dateOnly": false,
                "timeZoneShift": 0
              },
              "textDisplay": "天氣好熱 會場又迫又細 人太多⋯⋯會展比較好 可以安靜小小品酒 🍷⋯⋯",
              "textOriginal": "天氣好熱 會場又迫又細 人太多⋯⋯會展比較好 可以安靜小小品酒 🍷⋯⋯",
              "updatedAt": {
                "value": 1699676237000,
                "dateOnly": false,
                "timeZoneShift": 0
              },
              "videoId": "TEF9Iizm-PU",
              "viewerRating": "none"
            }
          },
          "totalReplyCount": 0,
          "videoId": "TEF9Iizm-PU"
        }
      },
      {
        "etag": "c4AFhbVdxf_uIWGgi6xyIGrRdeA",
        "id": "UgynRN6gzUJ4O2WRh_14AaABAg",
        "kind": "youtube#commentThread",
        "snippet": {
          "canReply": true,
          "channelId": "UCXnWjmQ8BDE0sDIeZLK5yJg",
          "isPublic": true,
          "topLevelComment": {
            "etag": "Hv5694YDv21QPEj_jKuPGkXR0Zo",
            "id": "UgynRN6gzUJ4O2WRh_14AaABAg",
            "kind": "youtube#comment",
            "snippet": {
              "authorChannelId": {
                "value": "UCJikOm-tAmDXKWvv1F4QKYw"
              },
              "authorChannelUrl": "http://www.youtube.com/channel/UCJikOm-tAmDXKWvv1F4QKYw",
              "authorDisplayName": "Laurie Chang",
              "authorProfileImageUrl": "https://yt3.ggpht.com/EiOxsnNSf-2Ah7MpJLoL27fAR7Fhk_JFS2qOegcZX-yBQy22BIGFTgW4PBUWheLVwtO59VqP=s48-c-k-c0x00ffffff-no-rj",
              "canRate": true,
              "channelId": "UCXnWjmQ8BDE0sDIeZLK5yJg",
              "likeCount": 1,
              "publishedAt": {
                "value": 1699627478000,
                "dateOnly": false,
                "timeZoneShift": 0
              },
              "textDisplay": "這次業配拿到的手機殼和手繩都超可愛欸<br>馬田會用嗎哈哈哈",
              "textOriginal": "這次業配拿到的手機殼和手繩都超可愛欸\n馬田會用嗎哈哈哈",
              "updatedAt": {
                "value": 1699627478000,
                "dateOnly": false,
                "timeZoneShift": 0
              },
              "videoId": "TEF9Iizm-PU",
              "viewerRating": "none"
            }
          },
          "totalReplyCount": 0,
          "videoId": "TEF9Iizm-PU"
        }
      },
      {
        "etag": "Vrbvt2v5YscomqBndNhviCpsEt0",
        "id": "UgwNBKzGfMXe-bU13ux4AaABAg",
        "kind": "youtube#commentThread",
        "snippet": {
          "canReply": true,
          "channelId": "UCXnWjmQ8BDE0sDIeZLK5yJg",
          "isPublic": true,
          "topLevelComment": {
            "etag": "z0Mo9VAyhqE7qfysz5CkYKl5Zxc",
            "id": "UgwNBKzGfMXe-bU13ux4AaABAg",
            "kind": "youtube#comment",
            "snippet": {
              "authorChannelId": {
                "value": "UCq9XqY7RdAbRw1lmKyji1IQ"
              },
              "authorChannelUrl": "http://www.youtube.com/channel/UCq9XqY7RdAbRw1lmKyji1IQ",
              "authorDisplayName": "Shane W",
              "authorProfileImageUrl": "https://yt3.ggpht.com/ytc/APkrFKap9JvXO1bQB4Tv7sAaeZofocg6kks3z36PSQ=s48-c-k-c0x00ffffff-no-rj",
              "canRate": true,
              "channelId": "UCXnWjmQ8BDE0sDIeZLK5yJg",
              "likeCount": 0,
              "publishedAt": {
                "value": 1699693926000,
                "dateOnly": false,
                "timeZoneShift": 0
              },
              "textDisplay": "有識人入去，唔洗門票唔洗token可以任飲😂",
              "textOriginal": "有識人入去，唔洗門票唔洗token可以任飲😂",
              "updatedAt": {
                "value": 1699693926000,
                "dateOnly": false,
                "timeZoneShift": 0
              },
              "videoId": "TEF9Iizm-PU",
              "viewerRating": "none"
            }
          },
          "totalReplyCount": 0,
          "videoId": "TEF9Iizm-PU"
        }
      },
      {
        "etag": "ype0aMt4xLzsZ-TtZEqirLQPoGA",
        "id": "Ugzy9SyUs1nJ_JdZQBZ4AaABAg",
        "kind": "youtube#commentThread",
        "snippet": {
          "canReply": true,
          "channelId": "UCXnWjmQ8BDE0sDIeZLK5yJg",
          "isPublic": true,
          "topLevelComment": {
            "etag": "sdlxe5fQG8inMk2Rl0q2WUzcLfM",
            "id": "Ugzy9SyUs1nJ_JdZQBZ4AaABAg",
            "kind": "youtube#comment",
            "snippet": {
              "authorChannelId": {
                "value": "UCrBNWSlrduMEHvdBXFDR8QA"
              },
              "authorChannelUrl": "http://www.youtube.com/channel/UCrBNWSlrduMEHvdBXFDR8QA",
              "authorDisplayName": "CA Carrie",
              "authorProfileImageUrl": "https://yt3.ggpht.com/ytc/APkrFKbZLlAQ8WC3QCcNbz_GNSD8a_laRyVSCRyna1yyig=s48-c-k-c0x00ffffff-no-rj",
              "canRate": true,
              "channelId": "UCXnWjmQ8BDE0sDIeZLK5yJg",
              "likeCount": 2,
              "publishedAt": {
                "value": 1699633335000,
                "dateOnly": false,
                "timeZoneShift": 0
              },
              "textDisplay": "馬田其實喺入去食嘢的😂",
              "textOriginal": "馬田其實喺入去食嘢的😂",
              "updatedAt": {
                "value": 1699633335000,
                "dateOnly": false,
                "timeZoneShift": 0
              },
              "videoId": "TEF9Iizm-PU",
              "viewerRating": "none"
            }
          },
          "totalReplyCount": 0,
          "videoId": "TEF9Iizm-PU"
        }
      },
      {
        "etag": "WxGjJTHEf1tHrDYVzVx7zGzN0Ug",
        "id": "Ugyk63fGi2iZcFErG3p4AaABAg",
        "kind": "youtube#commentThread",
        "snippet": {
          "canReply": true,
          "channelId": "UCXnWjmQ8BDE0sDIeZLK5yJg",
          "isPublic": true,
          "topLevelComment": {
            "etag": "nroSO7-eSaLD42_8tZKuHW0ypZA",
            "id": "Ugyk63fGi2iZcFErG3p4AaABAg",
            "kind": "youtube#comment",
            "snippet": {
              "authorChannelId": {
                "value": "UCyCsgzWKe7yiFWOCT326QnA"
              },
              "authorChannelUrl": "http://www.youtube.com/channel/UCyCsgzWKe7yiFWOCT326QnA",
              "authorDisplayName": "鈴鈴喵 /ᐠ ̥  ̮  ̥ ᐟ\\ฅ",
              "authorProfileImageUrl": "https://yt3.ggpht.com/gql919dw8QmXmoZkWMN9AFN9xh5h0cXNc7fbDKJBkHNn6asl-6qpa_0aVfDaE81I3wdXSYds=s48-c-k-c0x00ffffff-no-rj",
              "canRate": true,
              "channelId": "UCXnWjmQ8BDE0sDIeZLK5yJg",
              "likeCount": 3,
              "publishedAt": {
                "value": 1699618031000,
                "dateOnly": false,
                "timeZoneShift": 0
              },
              "textDisplay": "Omg...早兩日已經買左兩個，咁而家咁樣咪要再買多3個🤣",
              "textOriginal": "Omg...早兩日已經買左兩個，咁而家咁樣咪要再買多3個🤣",
              "updatedAt": {
                "value": 1699618131000,
                "dateOnly": false,
                "timeZoneShift": 0
              },
              "videoId": "TEF9Iizm-PU",
              "viewerRating": "none"
            }
          },
          "totalReplyCount": 0,
          "videoId": "TEF9Iizm-PU"
        }
      },
      {
        "etag": "VURyE5hBobTD1BDKprjXSAnCEss",
        "id": "UgyhJ9Se9m3S8GI22Uh4AaABAg",
        "kind": "youtube#commentThread",
        "snippet": {
          "canReply": true,
          "channelId": "UCXnWjmQ8BDE0sDIeZLK5yJg",
          "isPublic": true,
          "topLevelComment": {
            "etag": "CmwqXEB9AAymiNGwUlm6sgFLY_o",
            "id": "UgyhJ9Se9m3S8GI22Uh4AaABAg",
            "kind": "youtube#comment",
            "snippet": {
              "authorChannelId": {
                "value": "UCxnlqOf2saNrQh82pEnHA6Q"
              },
              "authorChannelUrl": "http://www.youtube.com/channel/UCxnlqOf2saNrQh82pEnHA6Q",
              "authorDisplayName": "Corey So",
              "authorProfileImageUrl": "https://yt3.ggpht.com/ytc/APkrFKZAlLLgY4fV8Awp-dkEVn9qZhAqnqphhDmNnr7Rkw=s48-c-k-c0x00ffffff-no-rj",
              "canRate": true,
              "channelId": "UCXnWjmQ8BDE0sDIeZLK5yJg",
              "likeCount": 0,
              "publishedAt": {
                "value": 1699720220000,
                "dateOnly": false,
                "timeZoneShift": 0
              },
              "textDisplay": "係好多唔同野食,但你一諗到出返去佢地舖頭食都唔駛咁貴,真係叫唔落口........<br>酒亦都唔係平,只可以話俾個地方你一次過試到唔同既酒同野食",
              "textOriginal": "係好多唔同野食,但你一諗到出返去佢地舖頭食都唔駛咁貴,真係叫唔落口........\n酒亦都唔係平,只可以話俾個地方你一次過試到唔同既酒同野食",
              "updatedAt": {
                "value": 1699720220000,
                "dateOnly": false,
                "timeZoneShift": 0
              },
              "videoId": "TEF9Iizm-PU",
              "viewerRating": "none"
            }
          },
          "totalReplyCount": 0,
          "videoId": "TEF9Iizm-PU"
        }
      },
      {
        "etag": "wU2QbAqml8EeZ8MtTBFrSm0XvpY",
        "id": "UgxDA-D3U8EGT-srwbN4AaABAg",
        "kind": "youtube#commentThread",
        "snippet": {
          "canReply": true,
          "channelId": "UCXnWjmQ8BDE0sDIeZLK5yJg",
          "isPublic": true,
          "topLevelComment": {
            "etag": "ajaEeo3gPOGuVFpe0ARQ0Wf6Wn4",
            "id": "UgxDA-D3U8EGT-srwbN4AaABAg",
            "kind": "youtube#comment",
            "snippet": {
              "authorChannelId": {
                "value": "UCiS0XoGmP1pHn_mz7ckuf9A"
              },
              "authorChannelUrl": "http://www.youtube.com/channel/UCiS0XoGmP1pHn_mz7ckuf9A",
              "authorDisplayName": "Rena Rena",
              "authorProfileImageUrl": "https://yt3.ggpht.com/ytc/APkrFKZPTvIKFsBdVHlrsDb-WIbfSqQ8S2--fKLTBstbBQ=s48-c-k-c0x00ffffff-no-rj",
              "canRate": true,
              "channelId": "UCXnWjmQ8BDE0sDIeZLK5yJg",
              "likeCount": 0,
              "publishedAt": {
                "value": 1699770821000,
                "dateOnly": false,
                "timeZoneShift": 0
              },
              "textDisplay": "聽到都醉嗰part 笑左😂",
              "textOriginal": "聽到都醉嗰part 笑左😂",
              "updatedAt": {
                "value": 1699770821000,
                "dateOnly": false,
                "timeZoneShift": 0
              },
              "videoId": "TEF9Iizm-PU",
              "viewerRating": "none"
            }
          },
          "totalReplyCount": 0,
          "videoId": "TEF9Iizm-PU"
        }
      },
      {
        "etag": "YpKM9UG7GJZwqtnTxliJk6jlMi8",
        "id": "UgyYqSX-YObK9yNUf-N4AaABAg",
        "kind": "youtube#commentThread",
        "snippet": {
          "canReply": true,
          "channelId": "UCXnWjmQ8BDE0sDIeZLK5yJg",
          "isPublic": true,
          "topLevelComment": {
            "etag": "LxtnH9hHGhH75GlB3KQ5606loAA",
            "id": "UgyYqSX-YObK9yNUf-N4AaABAg",
            "kind": "youtube#comment",
            "snippet": {
              "authorChannelId": {
                "value": "UCzLiU8QrcDuQgDj1JBIA9qg"
              },
              "authorChannelUrl": "http://www.youtube.com/channel/UCzLiU8QrcDuQgDj1JBIA9qg",
              "authorDisplayName": "Be Water",
              "authorProfileImageUrl": "https://yt3.ggpht.com/ytc/APkrFKZNpOudaXzzJeMsOxBIT7kb47Y6q2zs85oM2Q=s48-c-k-c0x00ffffff-no-rj",
              "canRate": true,
              "channelId": "UCXnWjmQ8BDE0sDIeZLK5yJg",
              "likeCount": 0,
              "publishedAt": {
                "value": 1699640539000,
                "dateOnly": false,
                "timeZoneShift": 0
              },
              "textDisplay": "你唔係飲開酒做乜要買400蚊嗰張😂😂<br><br>我次次去都唔夠飲。。。不過女仔著數啲。。可以R得多啲😂",
              "textOriginal": "你唔係飲開酒做乜要買400蚊嗰張😂😂\n\n我次次去都唔夠飲。。。不過女仔著數啲。。可以R得多啲😂",
              "updatedAt": {
                "value": 1699640539000,
                "dateOnly": false,
                "timeZoneShift": 0
              },
              "videoId": "TEF9Iizm-PU",
              "viewerRating": "none"
            }
          },
          "totalReplyCount": 0,
          "videoId": "TEF9Iizm-PU"
        }
      },
      {
        "etag": "cy9-dOnChP3accP5wEfNKeH2bFk",
        "id": "UgxvZRJ6rIBBldhrftV4AaABAg",
        "kind": "youtube#commentThread",
        "snippet": {
          "canReply": true,
          "channelId": "UCXnWjmQ8BDE0sDIeZLK5yJg",
          "isPublic": true,
          "topLevelComment": {
            "etag": "nDL1eKFXzIwNxHePv9FptXltlXQ",
            "id": "UgxvZRJ6rIBBldhrftV4AaABAg",
            "kind": "youtube#comment",
            "snippet": {
              "authorChannelId": {
                "value": "UCsDDXisXwfkr4ySBB_ZKmuA"
              },
              "authorChannelUrl": "http://www.youtube.com/channel/UCsDDXisXwfkr4ySBB_ZKmuA",
              "authorDisplayName": "bee Cheung",
              "authorProfileImageUrl": "https://yt3.ggpht.com/ytc/APkrFKal3ujQIbPBG5QudTzCA5IWQcg6CIltnglZLA=s48-c-k-c0x00ffffff-no-rj",
              "canRate": true,
              "channelId": "UCXnWjmQ8BDE0sDIeZLK5yJg",
              "likeCount": 0,
              "publishedAt": {
                "value": 1699627432000,
                "dateOnly": false,
                "timeZoneShift": 0
              },
              "textDisplay": "燈櫈......馬田仔仔出來了❤❤❤😂😂😂",
              "textOriginal": "燈櫈......馬田仔仔出來了❤❤❤😂😂😂",
              "updatedAt": {
                "value": 1699627432000,
                "dateOnly": false,
                "timeZoneShift": 0
              },
              "videoId": "TEF9Iizm-PU",
              "viewerRating": "none"
            }
          },
          "totalReplyCount": 0,
          "videoId": "TEF9Iizm-PU"
        }
      },
      {
        "etag": "4Oh6g1qCzMYP93uAqTbIhQ0LM1o",
        "id": "Ugw4SvCPOiRFH41ESDV4AaABAg",
        "kind": "youtube#commentThread",
        "snippet": {
          "canReply": true,
          "channelId": "UCXnWjmQ8BDE0sDIeZLK5yJg",
          "isPublic": true,
          "topLevelComment": {
            "etag": "d3VGwly4Yt0r8PipkMt9x0z2A40",
            "id": "Ugw4SvCPOiRFH41ESDV4AaABAg",
            "kind": "youtube#comment",
            "snippet": {
              "authorChannelId": {
                "value": "UC_c0tboOPrdVOt1RONGPioQ"
              },
              "authorChannelUrl": "http://www.youtube.com/channel/UC_c0tboOPrdVOt1RONGPioQ",
              "authorDisplayName": "漢斯娛樂投資 hw_entervestment",
              "authorProfileImageUrl": "https://yt3.ggpht.com/ruFZDR4LzxKzS2dqBl5h4dF4pBYEvaC1qW7oCTTk9f8T-dRB2PTwIPrXe9u6y0tW-9dmg27EWA=s48-c-k-c0x00ffffff-no-rj",
              "canRate": true,
              "channelId": "UCXnWjmQ8BDE0sDIeZLK5yJg",
              "likeCount": 1,
              "publishedAt": {
                "value": 1699631293000,
                "dateOnly": false,
                "timeZoneShift": 0
              },
              "textDisplay": "細佬20蚊😂😂入去飲西北風",
              "textOriginal": "細佬20蚊😂😂入去飲西北風",
              "updatedAt": {
                "value": 1699631293000,
                "dateOnly": false,
                "timeZoneShift": 0
              },
              "videoId": "TEF9Iizm-PU",
              "viewerRating": "none"
            }
          },
          "totalReplyCount": 0,
          "videoId": "TEF9Iizm-PU"
        }
      },
      {
        "etag": "z_645t5rZASta0IdpWJlPNXvBwE",
        "id": "UgyWouKYm4wBExx2_3t4AaABAg",
        "kind": "youtube#commentThread",
        "snippet": {
          "canReply": true,
          "channelId": "UCXnWjmQ8BDE0sDIeZLK5yJg",
          "isPublic": true,
          "topLevelComment": {
            "etag": "ioGHz9pAH2cBiYaSZPhnWz3gXhE",
            "id": "UgyWouKYm4wBExx2_3t4AaABAg",
            "kind": "youtube#comment",
            "snippet": {
              "authorChannelId": {
                "value": "UCxnTSkxykHAPMpjEnnrdCyA"
              },
              "authorChannelUrl": "http://www.youtube.com/channel/UCxnTSkxykHAPMpjEnnrdCyA",
              "authorDisplayName": "心水寶",
              "authorProfileImageUrl": "https://yt3.ggpht.com/VySJlMUjM8DuRFRWyivEjQ4BSGh5pkUSvASLr15HZubnE_I9uCfUydLYTMtE4ivjMGKjF3bX5A=s48-c-k-c0x00ffffff-no-rj",
              "canRate": true,
              "channelId": "UCXnWjmQ8BDE0sDIeZLK5yJg",
              "likeCount": 0,
              "publishedAt": {
                "value": 1699775885000,
                "dateOnly": false,
                "timeZoneShift": 0
              },
              "textDisplay": "啲伙食差到⋯ 😅😅<br>去Times Square地牢買百幾蚊cold cut好過",
              "textOriginal": "啲伙食差到⋯ 😅😅\n去Times Square地牢買百幾蚊cold cut好過",
              "updatedAt": {
                "value": 1699775885000,
                "dateOnly": false,
                "timeZoneShift": 0
              },
              "videoId": "TEF9Iizm-PU",
              "viewerRating": "none"
            }
          },
          "totalReplyCount": 0,
          "videoId": "TEF9Iizm-PU"
        }
      },
      {
        "etag": "rwWc5QUsyqyb6bLcaKAaH3jrSQA",
        "id": "UgyFRv_YTlxklUD-bYZ4AaABAg",
        "kind": "youtube#commentThread",
        "snippet": {
          "canReply": true,
          "channelId": "UCXnWjmQ8BDE0sDIeZLK5yJg",
          "isPublic": true,
          "topLevelComment": {
            "etag": "pzDex4LqGWkUjFfBS7obPOLgEpk",
            "id": "UgyFRv_YTlxklUD-bYZ4AaABAg",
            "kind": "youtube#comment",
            "snippet": {
              "authorChannelId": {
                "value": "UCrpM9yBt1rZWUVv8POe7vvQ"
              },
              "authorChannelUrl": "http://www.youtube.com/channel/UCrpM9yBt1rZWUVv8POe7vvQ",
              "authorDisplayName": "Angie",
              "authorProfileImageUrl": "https://yt3.ggpht.com/ytc/APkrFKbCqFBvaUkEwKPVC8UeP21BumHVPGH8eVZ-lA=s48-c-k-c0x00ffffff-no-rj",
              "canRate": true,
              "channelId": "UCXnWjmQ8BDE0sDIeZLK5yJg",
              "likeCount": 0,
              "publishedAt": {
                "value": 1699636523000,
                "dateOnly": false,
                "timeZoneShift": 0
              },
              "textDisplay": "咁睇上次k11個燒賣好似都唔算貴",
              "textOriginal": "咁睇上次k11個燒賣好似都唔算貴",
              "updatedAt": {
                "value": 1699636523000,
                "dateOnly": false,
                "timeZoneShift": 0
              },
              "videoId": "TEF9Iizm-PU",
              "viewerRating": "none"
            }
          },
          "totalReplyCount": 0,
          "videoId": "TEF9Iizm-PU"
        }
      },
      {
        "etag": "lm8zyIrgePl_pqtZW_8u572NX8Q",
        "id": "UgwJa4NLsijOo9dKePF4AaABAg",
        "kind": "youtube#commentThread",
        "snippet": {
          "canReply": true,
          "channelId": "UCXnWjmQ8BDE0sDIeZLK5yJg",
          "isPublic": true,
          "topLevelComment": {
            "etag": "dazE9P9VFVnkg245fYcI9a1sP3g",
            "id": "UgwJa4NLsijOo9dKePF4AaABAg",
            "kind": "youtube#comment",
            "snippet": {
              "authorChannelId": {
                "value": "UCKWlCWAqVChUs45CWPfmYPw"
              },
              "authorChannelUrl": "http://www.youtube.com/channel/UCKWlCWAqVChUs45CWPfmYPw",
              "authorDisplayName": "Ashley wong",
              "authorProfileImageUrl": "https://yt3.ggpht.com/ytc/APkrFKZEKDl8_WVvdoKo_NHq7HWjrKz8BtnIb5qjAw=s48-c-k-c0x00ffffff-no-rj",
              "canRate": true,
              "channelId": "UCXnWjmQ8BDE0sDIeZLK5yJg",
              "likeCount": 0,
              "publishedAt": {
                "value": 1699674931000,
                "dateOnly": false,
                "timeZoneShift": 0
              },
              "textDisplay": "年糕個間啲燒肉超好食",
              "textOriginal": "年糕個間啲燒肉超好食",
              "updatedAt": {
                "value": 1699674931000,
                "dateOnly": false,
                "timeZoneShift": 0
              },
              "videoId": "TEF9Iizm-PU",
              "viewerRating": "none"
            }
          },
          "totalReplyCount": 0,
          "videoId": "TEF9Iizm-PU"
        }
      },
      {
        "etag": "LKv23Qv4LDibuc4moQHlw6WzvUg",
        "id": "UgzMZafryuCFwD6i-nR4AaABAg",
        "kind": "youtube#commentThread",
        "snippet": {
          "canReply": true,
          "channelId": "UCXnWjmQ8BDE0sDIeZLK5yJg",
          "isPublic": true,
          "topLevelComment": {
            "etag": "6aIfLC5HcMXTCGu-3NLEXNeL8wE",
            "id": "UgzMZafryuCFwD6i-nR4AaABAg",
            "kind": "youtube#comment",
            "snippet": {
              "authorChannelId": {
                "value": "UCxeDA0T8_4SRnEXmdIpDMvg"
              },
              "authorChannelUrl": "http://www.youtube.com/channel/UCxeDA0T8_4SRnEXmdIpDMvg",
              "authorDisplayName": "Ronald gr",
              "authorProfileImageUrl": "https://yt3.ggpht.com/Av3tdD1rvCXPc6JeIyqPrSbwtFfpps8LAJ7JP0t4Cq8PHz5834LTtWV7Qqc_QxsT-AqfJlrDkw=s48-c-k-c0x00ffffff-no-rj",
              "canRate": true,
              "channelId": "UCXnWjmQ8BDE0sDIeZLK5yJg",
              "likeCount": 5,
              "publishedAt": {
                "value": 1699620550000,
                "dateOnly": false,
                "timeZoneShift": 0
              },
              "textDisplay": "一個手機殼$800負擔唔起",
              "textOriginal": "一個手機殼$800負擔唔起",
              "updatedAt": {
                "value": 1699620550000,
                "dateOnly": false,
                "timeZoneShift": 0
              },
              "videoId": "TEF9Iizm-PU",
              "viewerRating": "none"
            }
          },
          "totalReplyCount": 0,
          "videoId": "TEF9Iizm-PU"
        }
      },
      {
        "etag": "lwEv7htq6c3bzgQg0X09zOGi8SY",
        "id": "UgxUN5hfcNB7XVBmEA54AaABAg",
        "kind": "youtube#commentThread",
        "snippet": {
          "canReply": true,
          "channelId": "UCXnWjmQ8BDE0sDIeZLK5yJg",
          "isPublic": true,
          "topLevelComment": {
            "etag": "-DjoXB5GP0ckG5_P2Eu9xQcEizY",
            "id": "UgxUN5hfcNB7XVBmEA54AaABAg",
            "kind": "youtube#comment",
            "snippet": {
              "authorChannelId": {
                "value": "UC0B8hcfh2atbn0AGcysGH3g"
              },
              "authorChannelUrl": "http://www.youtube.com/channel/UC0B8hcfh2atbn0AGcysGH3g",
              "authorDisplayName": "GuluGulu",
              "authorProfileImageUrl": "https://yt3.ggpht.com/6H1jezPQGOBXNb4rzYudCjQh_BfxLcwwFAMyzkEv1F0lVATjcrjJZekV9Lvx2OFANH5b4uuBgw=s48-c-k-c0x00ffffff-no-rj",
              "canRate": true,
              "channelId": "UCXnWjmQ8BDE0sDIeZLK5yJg",
              "likeCount": 0,
              "publishedAt": {
                "value": 1699619094000,
                "dateOnly": false,
                "timeZoneShift": 0
              },
              "textDisplay": "飲酒前食牛油😁😁",
              "textOriginal": "飲酒前食牛油😁😁",
              "updatedAt": {
                "value": 1699619094000,
                "dateOnly": false,
                "timeZoneShift": 0
              },
              "videoId": "TEF9Iizm-PU",
              "viewerRating": "none"
            }
          },
          "totalReplyCount": 0,
          "videoId": "TEF9Iizm-PU"
        }
      },
      {
        "etag": "V1Tyc549yYZtgU1-r0RfkCavJm4",
        "id": "UgxplwCdJI6GWqTNqxt4AaABAg",
        "kind": "youtube#commentThread",
        "snippet": {
          "canReply": true,
          "channelId": "UCXnWjmQ8BDE0sDIeZLK5yJg",
          "isPublic": true,
          "topLevelComment": {
            "etag": "SpjkyGmSWLobsIbVf3iX5pZocLs",
            "id": "UgxplwCdJI6GWqTNqxt4AaABAg",
            "kind": "youtube#comment",
            "snippet": {
              "authorChannelId": {
                "value": "UCkcvzA4QTGX6VwJhFrrIXMA"
              },
              "authorChannelUrl": "http://www.youtube.com/channel/UCkcvzA4QTGX6VwJhFrrIXMA",
              "authorDisplayName": "RYAN TAM",
              "authorProfileImageUrl": "https://yt3.ggpht.com/ytc/APkrFKarYCa1R212R_I0w1eZVZAwNFvHzBTQUTvWvw3A_Q=s48-c-k-c0x00ffffff-no-rj",
              "canRate": true,
              "channelId": "UCXnWjmQ8BDE0sDIeZLK5yJg",
              "likeCount": 2,
              "publishedAt": {
                "value": 1699619113000,
                "dateOnly": false,
                "timeZoneShift": 0
              },
              "textDisplay": "唉... 唔係馬田介紹 我都唔知有呢個event... <br>超想去 飲勁多酒 食好多野 然後嘔 嘔完 再食再飲。享受人生<a href=\"about:invalid#zCSafez\"></a><a href=\"about:invalid#zCSafez\"></a>",
              "textOriginal": "唉... 唔係馬田介紹 我都唔知有呢個event... \n超想去 飲勁多酒 食好多野 然後嘔 嘔完 再食再飲。享受人生",
              "updatedAt": {
                "value": 1699619113000,
                "dateOnly": false,
                "timeZoneShift": 0
              },
              "videoId": "TEF9Iizm-PU",
              "viewerRating": "none"
            }
          },
          "totalReplyCount": 0,
          "videoId": "TEF9Iizm-PU"
        }
      },
      {
        "etag": "zCumTEBA0gy9Cn0F-xyIbvU0PNA",
        "id": "Ugz067011QQ2AlhyHvV4AaABAg",
        "kind": "youtube#commentThread",
        "snippet": {
          "canReply": true,
          "channelId": "UCXnWjmQ8BDE0sDIeZLK5yJg",
          "isPublic": true,
          "topLevelComment": {
            "etag": "_piRTCAmQZCVHlaseOFahV1VT3w",
            "id": "Ugz067011QQ2AlhyHvV4AaABAg",
            "kind": "youtube#comment",
            "snippet": {
              "authorChannelId": {
                "value": "UCp9bpEZrzC2641QcHezXnLw"
              },
              "authorChannelUrl": "http://www.youtube.com/channel/UCp9bpEZrzC2641QcHezXnLw",
              "authorDisplayName": "一緊張就射",
              "authorProfileImageUrl": "https://yt3.ggpht.com/84cKOBCGoMPpJ9ERYBfYbHCkt_W-eVm8oDk3oJiubTAtNs32yLQQgeAx_QGqDtFWKCe88aMp=s48-c-k-c0x00ffffff-no-rj",
              "canRate": true,
              "channelId": "UCXnWjmQ8BDE0sDIeZLK5yJg",
              "likeCount": 5,
              "publishedAt": {
                "value": 1699624709000,
                "dateOnly": false,
                "timeZoneShift": 0
              },
              "textDisplay": "植物肉簡直係一個騙局",
              "textOriginal": "植物肉簡直係一個騙局",
              "updatedAt": {
                "value": 1699624709000,
                "dateOnly": false,
                "timeZoneShift": 0
              },
              "videoId": "TEF9Iizm-PU",
              "viewerRating": "none"
            }
          },
          "totalReplyCount": 0,
          "videoId": "TEF9Iizm-PU"
        }
      },
      {
        "etag": "h8qo27uz-OcljzDPGGpa6N9gk_s",
        "id": "UgwV-BO5wNjjQkQtLT14AaABAg",
        "kind": "youtube#commentThread",
        "snippet": {
          "canReply": true,
          "channelId": "UCXnWjmQ8BDE0sDIeZLK5yJg",
          "isPublic": true,
          "topLevelComment": {
            "etag": "bKocM1-0AZ6UvGJUyUFemKKTbDE",
            "id": "UgwV-BO5wNjjQkQtLT14AaABAg",
            "kind": "youtube#comment",
            "snippet": {
              "authorChannelId": {
                "value": "UCkZq1D8Riz_s3yWBQL5GBxA"
              },
              "authorChannelUrl": "http://www.youtube.com/channel/UCkZq1D8Riz_s3yWBQL5GBxA",
              "authorDisplayName": "feimio",
              "authorProfileImageUrl": "https://yt3.ggpht.com/eHNnXPNH0mQV_EojoDqLPL3ZQT6fGGq2BnMWe5J8g33sBIgPtyxaPKdamUES1yErh69V_UkI=s48-c-k-c0x00ffffff-no-rj",
              "canRate": true,
              "channelId": "UCXnWjmQ8BDE0sDIeZLK5yJg",
              "likeCount": 0,
              "publishedAt": {
                "value": 1699767567000,
                "dateOnly": false,
                "timeZoneShift": 0
              },
              "textDisplay": "飲咗少少臉紅紅😂😂q",
              "textOriginal": "飲咗少少臉紅紅😂😂q",
              "updatedAt": {
                "value": 1699767567000,
                "dateOnly": false,
                "timeZoneShift": 0
              },
              "videoId": "TEF9Iizm-PU",
              "viewerRating": "none"
            }
          },
          "totalReplyCount": 0,
          "videoId": "TEF9Iizm-PU"
        }
      },
      {
        "etag": "BReIO1xGytAbLfE3w4NFLU_0Azw",
        "id": "UgwOt77eG3PKj6WJ5lp4AaABAg",
        "kind": "youtube#commentThread",
        "snippet": {
          "canReply": true,
          "channelId": "UCXnWjmQ8BDE0sDIeZLK5yJg",
          "isPublic": true,
          "topLevelComment": {
            "etag": "ilvffanPRUrX-cOMqqBgL1qMflE",
            "id": "UgwOt77eG3PKj6WJ5lp4AaABAg",
            "kind": "youtube#comment",
            "snippet": {
              "authorChannelId": {
                "value": "UCaxYV2ZnhlL6Qvk_FlQG_JA"
              },
              "authorChannelUrl": "http://www.youtube.com/channel/UCaxYV2ZnhlL6Qvk_FlQG_JA",
              "authorDisplayName": "tw8088",
              "authorProfileImageUrl": "https://yt3.ggpht.com/ytc/APkrFKZcDSDTos0ku5yQKXc_9otd-iFo43IEWmVpLQ=s48-c-k-c0x00ffffff-no-rj",
              "canRate": true,
              "channelId": "UCXnWjmQ8BDE0sDIeZLK5yJg",
              "likeCount": 0,
              "publishedAt": {
                "value": 1699620754000,
                "dateOnly": false,
                "timeZoneShift": 0
              },
              "textDisplay": "多謝分享😊",
              "textOriginal": "多謝分享😊",
              "updatedAt": {
                "value": 1699620754000,
                "dateOnly": false,
                "timeZoneShift": 0
              },
              "videoId": "TEF9Iizm-PU",
              "viewerRating": "none"
            }
          },
          "totalReplyCount": 0,
          "videoId": "TEF9Iizm-PU"
        }
      },
      {
        "etag": "hy5kVKqDbW2rYS6-LaZrFydBd4o",
        "id": "UgyGBC4zvhpvt8zc_FR4AaABAg",
        "kind": "youtube#commentThread",
        "replies": {
          "comments": [
            {
              "etag": "qL75wwIkWm08HK09lDntmViPnag",
              "id": "UgyGBC4zvhpvt8zc_FR4AaABAg.9wwJa-7359Y9x--M3-xy0B",
              "kind": "youtube#comment",
              "snippet": {
                "authorChannelId": {
                  "value": "UCHHfSshwYp52gn4PKEau69Q"
                },
                "authorChannelUrl": "http://www.youtube.com/channel/UCHHfSshwYp52gn4PKEau69Q",
                "authorDisplayName": "Louis XVIII",
                "authorProfileImageUrl": "https://yt3.ggpht.com/ytc/APkrFKZEjN3dMdstDjjbjhmNBSRi9wLGKeT8foJHlA=s48-c-k-c0x00ffffff-no-rj",
                "canRate": true,
                "channelId": "UCXnWjmQ8BDE0sDIeZLK5yJg",
                "likeCount": 0,
                "parentId": "UgyGBC4zvhpvt8zc_FR4AaABAg",
                "publishedAt": {
                  "value": 1699743398000,
                  "dateOnly": false,
                  "timeZoneShift": 0
                },
                "textDisplay": "但第二日再去又要俾多40蚊入場🤣🤣",
                "textOriginal": "但第二日再去又要俾多40蚊入場🤣🤣",
                "updatedAt": {
                  "value": 1699743398000,
                  "dateOnly": false,
                  "timeZoneShift": 0
                },
                "videoId": "TEF9Iizm-PU",
                "viewerRating": "none"
              }
            }
          ]
        },
        "snippet": {
          "canReply": true,
          "channelId": "UCXnWjmQ8BDE0sDIeZLK5yJg",
          "isPublic": true,
          "topLevelComment": {
            "etag": "btNgsbAiRg83KZcu2FAfhAM_p7M",
            "id": "UgyGBC4zvhpvt8zc_FR4AaABAg",
            "kind": "youtube#comment",
            "snippet": {
              "authorChannelId": {
                "value": "UCVBQSagkCOiC9eKZRQ2dYRQ"
              },
              "authorChannelUrl": "http://www.youtube.com/channel/UCVBQSagkCOiC9eKZRQ2dYRQ",
              "authorDisplayName": "Laam K",
              "authorProfileImageUrl": "https://yt3.ggpht.com/ytc/APkrFKYICeMUZoi_FcuTYNXCFDm0aLWG8k3CGPfNQQYmci8=s48-c-k-c0x00ffffff-no-rj",
              "canRate": true,
              "channelId": "UCXnWjmQ8BDE0sDIeZLK5yJg",
              "likeCount": 4,
              "publishedAt": {
                "value": 1699619789000,
                "dateOnly": false,
                "timeZoneShift": 0
              },
              "textDisplay": "最後未用既token係第2日再戰定係已經冇左回事?<a href=\"about:invalid#zCSafez\"></a><a href=\"about:invalid#zCSafez\"></a>",
              "textOriginal": "最後未用既token係第2日再戰定係已經冇左回事?",
              "updatedAt": {
                "value": 1699619789000,
                "dateOnly": false,
                "timeZoneShift": 0
              },
              "videoId": "TEF9Iizm-PU",
              "viewerRating": "none"
            }
          },
          "totalReplyCount": 1,
          "videoId": "TEF9Iizm-PU"
        }
      },
      {
        "etag": "6ejNx54YMCZX9BTcLuXAeMITn8U",
        "id": "UgwOhAcDYiWnKZCeH4N4AaABAg",
        "kind": "youtube#commentThread",
        "snippet": {
          "canReply": true,
          "channelId": "UCXnWjmQ8BDE0sDIeZLK5yJg",
          "isPublic": true,
          "topLevelComment": {
            "etag": "KuvxRcmrLRcRo43iBxlMeywkM58",
            "id": "UgwOhAcDYiWnKZCeH4N4AaABAg",
            "kind": "youtube#comment",
            "snippet": {
              "authorChannelId": {
                "value": "UCWhUTRpdWrq-RKLF0B6C3rQ"
              },
              "authorChannelUrl": "http://www.youtube.com/channel/UCWhUTRpdWrq-RKLF0B6C3rQ",
              "authorDisplayName": "Annie Chow",
              "authorProfileImageUrl": "https://yt3.ggpht.com/ytc/APkrFKaKvK85AKM6VIQ6D3P4b17dgRh1E8GSwlTP5Q=s48-c-k-c0x00ffffff-no-rj",
              "canRate": true,
              "channelId": "UCXnWjmQ8BDE0sDIeZLK5yJg",
              "likeCount": 0,
              "publishedAt": {
                "value": 1699619592000,
                "dateOnly": false,
                "timeZoneShift": 0
              },
              "textDisplay": "馬田好紅<a href=\"about:invalid#zCSafez\"></a><a href=\"about:invalid#zCSafez\"></a><a href=\"about:invalid#zCSafez\"></a>",
              "textOriginal": "馬田好紅",
              "updatedAt": {
                "value": 1699619592000,
                "dateOnly": false,
                "timeZoneShift": 0
              },
              "videoId": "TEF9Iizm-PU",
              "viewerRating": "none"
            }
          },
          "totalReplyCount": 0,
          "videoId": "TEF9Iizm-PU"
        }
      },
      {
        "etag": "2uepsJOhwhfxdu3Xc9DWZDXDnuQ",
        "id": "UgxE826cZJcwtZbaf7F4AaABAg",
        "kind": "youtube#commentThread",
        "snippet": {
          "canReply": true,
          "channelId": "UCXnWjmQ8BDE0sDIeZLK5yJg",
          "isPublic": true,
          "topLevelComment": {
            "etag": "tJfduLe59UF4Jr9NOfvD3He_qKY",
            "id": "UgxE826cZJcwtZbaf7F4AaABAg",
            "kind": "youtube#comment",
            "snippet": {
              "authorChannelId": {
                "value": "UCkcvzA4QTGX6VwJhFrrIXMA"
              },
              "authorChannelUrl": "http://www.youtube.com/channel/UCkcvzA4QTGX6VwJhFrrIXMA",
              "authorDisplayName": "RYAN TAM",
              "authorProfileImageUrl": "https://yt3.ggpht.com/ytc/APkrFKarYCa1R212R_I0w1eZVZAwNFvHzBTQUTvWvw3A_Q=s48-c-k-c0x00ffffff-no-rj",
              "canRate": true,
              "channelId": "UCXnWjmQ8BDE0sDIeZLK5yJg",
              "likeCount": 5,
              "publishedAt": {
                "value": 1699618524000,
                "dateOnly": false,
                "timeZoneShift": 0
              },
              "textDisplay": "<a href=\"https://www.youtube.com/watch?v=TEF9Iizm-PU&amp;t=9m47s\">9:47</a> 是日重點。<br><br><a href=\"http://www.youtube.com/results?search_query=%23%E5%A5%BD%E4%BC%BC%E5%A5%BD%E8%A1%B0_%E5%85%B6%E5%AF%A6%E4%BF%82%E5%A5%BD%E9%9C%80_%E5%94%94tag%E5%94%94%E4%BF%BE%E9%9D%A2\">#好似好衰_其實係好需_唔tag唔俾面</a>",
              "textOriginal": "9:47 是日重點。\n\n#好似好衰_其實係好需_唔tag唔俾面",
              "updatedAt": {
                "value": 1699618544000,
                "dateOnly": false,
                "timeZoneShift": 0
              },
              "videoId": "TEF9Iizm-PU",
              "viewerRating": "none"
            }
          },
          "totalReplyCount": 0,
          "videoId": "TEF9Iizm-PU"
        }
      },
      {
        "etag": "9bPY7aIzOLv1pXEvJDfGKQNE0sg",
        "id": "UgyZKt4iWn3Qc3GldxV4AaABAg",
        "kind": "youtube#commentThread",
        "replies": {
          "comments": [
            {
              "etag": "bEglkvXs_gVyfLTTI6DnHAgNZR4",
              "id": "UgyZKt4iWn3Qc3GldxV4AaABAg.9wwT2ALk3YQ9wwdLxlQJ9V",
              "kind": "youtube#comment",
              "snippet": {
                "authorChannelId": {
                  "value": "UCVMswo7uycqUsWMfKBxjVOg"
                },
                "authorChannelUrl": "http://www.youtube.com/channel/UCVMswo7uycqUsWMfKBxjVOg",
                "authorDisplayName": "hi hillias",
                "authorProfileImageUrl": "https://yt3.ggpht.com/ytc/APkrFKY6PjwVBeHDPePG2T-Qz5G4Pr7e9a2_IKCkVw=s48-c-k-c0x00ffffff-no-rj",
                "canRate": true,
                "channelId": "UCXnWjmQ8BDE0sDIeZLK5yJg",
                "likeCount": 0,
                "parentId": "UgyZKt4iWn3Qc3GldxV4AaABAg",
                "publishedAt": {
                  "value": 1699630675000,
                  "dateOnly": false,
                  "timeZoneShift": 0
                },
                "textDisplay": "我第一日去排左半個鐘入場，仲要我係準時<a href=\"https://www.youtube.com/watch?v=TEF9Iizm-PU&amp;t=7m30s\">7:30</a>到埸都排半粒鐘，之後個app系統死咗，又要排隊去換卡，搞到成<a href=\"https://www.youtube.com/watch?v=TEF9Iizm-PU&amp;t=9m00s\">9:00</a>先開始，但<a href=\"https://www.youtube.com/watch?v=TEF9Iizm-PU&amp;t=11m00s\">11:00</a>點就話收，其實係玩柒我，正垃圾！",
                "textOriginal": "我第一日去排左半個鐘入場，仲要我係準時7:30到埸都排半粒鐘，之後個app系統死咗，又要排隊去換卡，搞到成9:00先開始，但11:00點就話收，其實係玩柒我，正垃圾！",
                "updatedAt": {
                  "value": 1699630675000,
                  "dateOnly": false,
                  "timeZoneShift": 0
                },
                "videoId": "TEF9Iizm-PU",
                "viewerRating": "none"
              }
            },
            {
              "etag": "HSgIMIzMiDcGNDjzLJQJ2-Ze4e0",
              "id": "UgyZKt4iWn3Qc3GldxV4AaABAg.9wwT2ALk3YQ9wwzCkuiZz4",
              "kind": "youtube#comment",
              "snippet": {
                "authorChannelId": {
                  "value": "UC2A4u-Ck-a-9P8PaWU_oaSg"
                },
                "authorChannelUrl": "http://www.youtube.com/channel/UC2A4u-Ck-a-9P8PaWU_oaSg",
                "authorDisplayName": "Joyce Kan",
                "authorProfileImageUrl": "https://yt3.ggpht.com/ytc/APkrFKZiMS1_80by10U4XPtC7k7Y040vHcVbQx2vDA=s48-c-k-c0x00ffffff-no-rj",
                "canRate": true,
                "channelId": "UCXnWjmQ8BDE0sDIeZLK5yJg",
                "likeCount": 0,
                "parentId": "UgyZKt4iWn3Qc3GldxV4AaABAg",
                "publishedAt": {
                  "value": 1699642134000,
                  "dateOnly": false,
                  "timeZoneShift": 0
                },
                "textDisplay": "你哋係咪用1010或者CSL？<br>因為好似呢兩個台，係海皮收得好差<br>本人當日都係",
                "textOriginal": "你哋係咪用1010或者CSL？\n因為好似呢兩個台，係海皮收得好差\n本人當日都係",
                "updatedAt": {
                  "value": 1699642134000,
                  "dateOnly": false,
                  "timeZoneShift": 0
                },
                "videoId": "TEF9Iizm-PU",
                "viewerRating": "none"
              }
            }
          ]
        },
        "snippet": {
          "canReply": true,
          "channelId": "UCXnWjmQ8BDE0sDIeZLK5yJg",
          "isPublic": true,
          "topLevelComment": {
            "etag": "hMVQJnVe2YS29sEAul_fv6XLPgw",
            "id": "UgyZKt4iWn3Qc3GldxV4AaABAg",
            "kind": "youtube#comment",
            "snippet": {
              "authorChannelId": {
                "value": "UCR6XCoEo33o6SHCkZJMtTtA"
              },
              "authorChannelUrl": "http://www.youtube.com/channel/UCR6XCoEo33o6SHCkZJMtTtA",
              "authorDisplayName": "SnowDr3w5B0",
              "authorProfileImageUrl": "https://yt3.ggpht.com/ytc/APkrFKax_GVKEyKXubKB-CcLp2M8i8oSMCgqYwVWIhCvdg=s48-c-k-c0x00ffffff-no-rj",
              "canRate": true,
              "channelId": "UCXnWjmQ8BDE0sDIeZLK5yJg",
              "likeCount": 0,
              "publishedAt": {
                "value": 1699624746000,
                "dateOnly": false,
                "timeZoneShift": 0
              },
              "textDisplay": "唔係想串佢但係今年W&amp;D個apps真係好垃圾<br>行到埋去就load唔到:((",
              "textOriginal": "唔係想串佢但係今年W&D個apps真係好垃圾\n行到埋去就load唔到:((",
              "updatedAt": {
                "value": 1699624746000,
                "dateOnly": false,
                "timeZoneShift": 0
              },
              "videoId": "TEF9Iizm-PU",
              "viewerRating": "none"
            }
          },
          "totalReplyCount": 3,
          "videoId": "TEF9Iizm-PU"
        }
      },
      {
        "etag": "HRVkwl0QlsjefP8ewZe6l5XUDbo",
        "id": "Ugwt6EUADwJCbq56DPl4AaABAg",
        "kind": "youtube#commentThread",
        "snippet": {
          "canReply": true,
          "channelId": "UCXnWjmQ8BDE0sDIeZLK5yJg",
          "isPublic": true,
          "topLevelComment": {
            "etag": "aKzdC0Eodfw4fhqPgCWpA8cunV8",
            "id": "Ugwt6EUADwJCbq56DPl4AaABAg",
            "kind": "youtube#comment",
            "snippet": {
              "authorChannelId": {
                "value": "UCGYRPT_z6wSsXNu1VuppOxQ"
              },
              "authorChannelUrl": "http://www.youtube.com/channel/UCGYRPT_z6wSsXNu1VuppOxQ",
              "authorDisplayName": "cheng chilam",
              "authorProfileImageUrl": "https://yt3.ggpht.com/ytc/APkrFKbdm-puTdYj4zbXAq66G3NS7sfCNC-EYQimQw=s48-c-k-c0x00ffffff-no-rj",
              "canRate": true,
              "channelId": "UCXnWjmQ8BDE0sDIeZLK5yJg",
              "likeCount": 0,
              "publishedAt": {
                "value": 1699624697000,
                "dateOnly": false,
                "timeZoneShift": 0
              },
              "textDisplay": "唔係完左喇咩",
              "textOriginal": "唔係完左喇咩",
              "updatedAt": {
                "value": 1699624697000,
                "dateOnly": false,
                "timeZoneShift": 0
              },
              "videoId": "TEF9Iizm-PU",
              "viewerRating": "none"
            }
          },
          "totalReplyCount": 0,
          "videoId": "TEF9Iizm-PU"
        }
      },
      {
        "etag": "cjzwtexCh9clfBXCFTATwY0L0RE",
        "id": "UgySIeZpFWgTig31yKR4AaABAg",
        "kind": "youtube#commentThread",
        "snippet": {
          "canReply": true,
          "channelId": "UCXnWjmQ8BDE0sDIeZLK5yJg",
          "isPublic": true,
          "topLevelComment": {
            "etag": "TnwMZuMnvuj-p-IPLbaNUCQbaKA",
            "id": "UgySIeZpFWgTig31yKR4AaABAg",
            "kind": "youtube#comment",
            "snippet": {
              "authorChannelId": {
                "value": "UC938dv98csjWDQdHtkppUcQ"
              },
              "authorChannelUrl": "http://www.youtube.com/channel/UC938dv98csjWDQdHtkppUcQ",
              "authorDisplayName": "IlIIIlllIIlllIII",
              "authorProfileImageUrl": "https://yt3.ggpht.com/ytc/APkrFKY3s53_4U0icSxABHt7FUnpGquN2vXcvjseowdwW4sWL_sQsqv0bjk8mBNiJ4Sb=s48-c-k-c0x00ffffff-no-rj",
              "canRate": true,
              "channelId": "UCXnWjmQ8BDE0sDIeZLK5yJg",
              "likeCount": 0,
              "publishedAt": {
                "value": 1699617865000,
                "dateOnly": false,
                "timeZoneShift": 0
              },
              "textDisplay": "睇左當去左算....",
              "textOriginal": "睇左當去左算....",
              "updatedAt": {
                "value": 1699617865000,
                "dateOnly": false,
                "timeZoneShift": 0
              },
              "videoId": "TEF9Iizm-PU",
              "viewerRating": "none"
            }
          },
          "totalReplyCount": 0,
          "videoId": "TEF9Iizm-PU"
        }
      },
      {
        "etag": "nW8kofM32F6Fi7ZrpkpOSvpQCn0",
        "id": "UgyX1zIAWqUCDxSiPOJ4AaABAg",
        "kind": "youtube#commentThread",
        "snippet": {
          "canReply": true,
          "channelId": "UCXnWjmQ8BDE0sDIeZLK5yJg",
          "isPublic": true,
          "topLevelComment": {
            "etag": "gFlFfxpDSdGKolSw6jgZuddArLo",
            "id": "UgyX1zIAWqUCDxSiPOJ4AaABAg",
            "kind": "youtube#comment",
            "snippet": {
              "authorChannelId": {
                "value": "UC3zKscXJZfRDW0JhnGz2l0Q"
              },
              "authorChannelUrl": "http://www.youtube.com/channel/UC3zKscXJZfRDW0JhnGz2l0Q",
              "authorDisplayName": "Belle Tan",
              "authorProfileImageUrl": "https://yt3.ggpht.com/ytc/APkrFKby0j0PQBccakOdgRLCY4owlqitqR0vAHDSmZfY=s48-c-k-c0x00ffffff-no-rj",
              "canRate": true,
              "channelId": "UCXnWjmQ8BDE0sDIeZLK5yJg",
              "likeCount": 1,
              "publishedAt": {
                "value": 1699627807000,
                "dateOnly": false,
                "timeZoneShift": 0
              },
              "textDisplay": "馬田眼腫腫🥺",
              "textOriginal": "馬田眼腫腫🥺",
              "updatedAt": {
                "value": 1699627807000,
                "dateOnly": false,
                "timeZoneShift": 0
              },
              "videoId": "TEF9Iizm-PU",
              "viewerRating": "none"
            }
          },
          "totalReplyCount": 0,
          "videoId": "TEF9Iizm-PU"
        }
      },
      {
        "etag": "NV52qVecsehhiJuJcs1LjnlCE5Y",
        "id": "UgykXnSs4KIvhzjSCFB4AaABAg",
        "kind": "youtube#commentThread",
        "snippet": {
          "canReply": true,
          "channelId": "UCXnWjmQ8BDE0sDIeZLK5yJg",
          "isPublic": true,
          "topLevelComment": {
            "etag": "ItIzSm05yxKMP0x__wdRyKn4ljY",
            "id": "UgykXnSs4KIvhzjSCFB4AaABAg",
            "kind": "youtube#comment",
            "snippet": {
              "authorChannelId": {
                "value": "UC4X7rA6AeV_fei5s-7E-PSg"
              },
              "authorChannelUrl": "http://www.youtube.com/channel/UC4X7rA6AeV_fei5s-7E-PSg",
              "authorDisplayName": "Ali C",
              "authorProfileImageUrl": "https://yt3.ggpht.com/ytc/APkrFKZeRPuFzxKFy0gHZQxXt47C8vJX4SBomiWdjQ=s48-c-k-c0x00ffffff-no-rj",
              "canRate": true,
              "channelId": "UCXnWjmQ8BDE0sDIeZLK5yJg",
              "likeCount": 0,
              "publishedAt": {
                "value": 1699624670000,
                "dateOnly": false,
                "timeZoneShift": 0
              },
              "textDisplay": "🥳🥳🥳",
              "textOriginal": "🥳🥳🥳",
              "updatedAt": {
                "value": 1699624670000,
                "dateOnly": false,
                "timeZoneShift": 0
              },
              "videoId": "TEF9Iizm-PU",
              "viewerRating": "none"
            }
          },
          "totalReplyCount": 0,
          "videoId": "TEF9Iizm-PU"
        }
      },
      {
        "etag": "p3XJyog_bV12IHjhBXWmRdY3Y4c",
        "id": "UgwkNHp5Z5fK1qDycSl4AaABAg",
        "kind": "youtube#commentThread",
        "snippet": {
          "canReply": true,
          "channelId": "UCXnWjmQ8BDE0sDIeZLK5yJg",
          "isPublic": true,
          "topLevelComment": {
            "etag": "lpm2mIPmxU4DhMMOegMrM1YYoGY",
            "id": "UgwkNHp5Z5fK1qDycSl4AaABAg",
            "kind": "youtube#comment",
            "snippet": {
              "authorChannelId": {
                "value": "UCQ1GhtCd63zFXKwp_MfkTZg"
              },
              "authorChannelUrl": "http://www.youtube.com/channel/UCQ1GhtCd63zFXKwp_MfkTZg",
              "authorDisplayName": "Kimmy Wu",
              "authorProfileImageUrl": "https://yt3.ggpht.com/ytc/APkrFKb1vdSSNloFhYud16M-BIn7KTQ8eHhRTknDXW9RRQ=s48-c-k-c0x00ffffff-no-rj",
              "canRate": true,
              "channelId": "UCXnWjmQ8BDE0sDIeZLK5yJg",
              "likeCount": 0,
              "publishedAt": {
                "value": 1699666889000,
                "dateOnly": false,
                "timeZoneShift": 0
              },
              "textDisplay": "😍",
              "textOriginal": "😍",
              "updatedAt": {
                "value": 1699666889000,
                "dateOnly": false,
                "timeZoneShift": 0
              },
              "videoId": "TEF9Iizm-PU",
              "viewerRating": "none"
            }
          },
          "totalReplyCount": 0,
          "videoId": "TEF9Iizm-PU"
        }
      },
      {
        "etag": "AEHWTucwRyZO_E1CwEo64ijvi0A",
        "id": "Ugyvu4ElKJ8-zVxb73x4AaABAg",
        "kind": "youtube#commentThread",
        "snippet": {
          "canReply": true,
          "channelId": "UCXnWjmQ8BDE0sDIeZLK5yJg",
          "isPublic": true,
          "topLevelComment": {
            "etag": "hyouPpbBf64z_vZSw1RO32fHz_M",
            "id": "Ugyvu4ElKJ8-zVxb73x4AaABAg",
            "kind": "youtube#comment",
            "snippet": {
              "authorChannelId": {
                "value": "UCnwryFWb-9P6uZ-0bHAPfGg"
              },
              "authorChannelUrl": "http://www.youtube.com/channel/UCnwryFWb-9P6uZ-0bHAPfGg",
              "authorDisplayName": "TERENCE M",
              "authorProfileImageUrl": "https://yt3.ggpht.com/z3DONAMqHEuzzg2-slrBGtuxXEiSVSFMoJ505FEIH36ohQ6-zd1l1xwrDInnbUiJY7gRKUcdmw=s48-c-k-c0x00ffffff-no-rj",
              "canRate": true,
              "channelId": "UCXnWjmQ8BDE0sDIeZLK5yJg",
              "likeCount": 1,
              "publishedAt": {
                "value": 1699618051000,
                "dateOnly": false,
                "timeZoneShift": 0
              },
              "textDisplay": "好睇好第（未睇）",
              "textOriginal": "好睇好第（未睇）",
              "updatedAt": {
                "value": 1699618051000,
                "dateOnly": false,
                "timeZoneShift": 0
              },
              "videoId": "TEF9Iizm-PU",
              "viewerRating": "none"
            }
          },
          "totalReplyCount": 0,
          "videoId": "TEF9Iizm-PU"
        }
      },
      {
        "etag": "N--Zju-qrdjYunTvA3jQG3yJ0eo",
        "id": "UgyQS3O5WQ9GmzplHBN4AaABAg",
        "kind": "youtube#commentThread",
        "snippet": {
          "canReply": true,
          "channelId": "UCXnWjmQ8BDE0sDIeZLK5yJg",
          "isPublic": true,
          "topLevelComment": {
            "etag": "wCrUhmEzBWHC1eg6uKjs7pqRJnc",
            "id": "UgyQS3O5WQ9GmzplHBN4AaABAg",
            "kind": "youtube#comment",
            "snippet": {
              "authorChannelId": {
                "value": "UCAXejYpEtuk6CnXMbARYZqw"
              },
              "authorChannelUrl": "http://www.youtube.com/channel/UCAXejYpEtuk6CnXMbARYZqw",
              "authorDisplayName": "dc chxn",
              "authorProfileImageUrl": "https://yt3.ggpht.com/ytc/APkrFKbVATDI1P7psvsa9xe3Sk_KPetiRpOEU2d084aBb4Q-U3fpKTvoyF0bIB-8ihZz=s48-c-k-c0x00ffffff-no-rj",
              "canRate": true,
              "channelId": "UCXnWjmQ8BDE0sDIeZLK5yJg",
              "likeCount": 0,
              "publishedAt": {
                "value": 1699619592000,
                "dateOnly": false,
                "timeZoneShift": 0
              },
              "textDisplay": "好多垃圾食物",
              "textOriginal": "好多垃圾食物",
              "updatedAt": {
                "value": 1699619592000,
                "dateOnly": false,
                "timeZoneShift": 0
              },
              "videoId": "TEF9Iizm-PU",
              "viewerRating": "none"
            }
          },
          "totalReplyCount": 0,
          "videoId": "TEF9Iizm-PU"
        }
      },
      {
        "etag": "-werCu61ACUlUM9LKWTeoIvODz4",
        "id": "UgwJkdtNUNskqtmmlJV4AaABAg",
        "kind": "youtube#commentThread",
        "snippet": {
          "canReply": true,
          "channelId": "UCXnWjmQ8BDE0sDIeZLK5yJg",
          "isPublic": true,
          "topLevelComment": {
            "etag": "EOE4EDYZ8WgnlJ6zNB-0Z3wisdA",
            "id": "UgwJkdtNUNskqtmmlJV4AaABAg",
            "kind": "youtube#comment",
            "snippet": {
              "authorChannelId": {
                "value": "UCgbCYptXhXrQECHTRdKLTwQ"
              },
              "authorChannelUrl": "http://www.youtube.com/channel/UCgbCYptXhXrQECHTRdKLTwQ",
              "authorDisplayName": "Sky Esp",
              "authorProfileImageUrl": "https://yt3.ggpht.com/ytc/APkrFKbFwjUqDe1OmZyWVUnVG10tWVLENcaUiSmvFlzm-A=s48-c-k-c0x00ffffff-no-rj",
              "canRate": true,
              "channelId": "UCXnWjmQ8BDE0sDIeZLK5yJg",
              "likeCount": 0,
              "publishedAt": {
                "value": 1699622280000,
                "dateOnly": false,
                "timeZoneShift": 0
              },
              "textDisplay": "hi belly tin",
              "textOriginal": "hi belly tin",
              "updatedAt": {
                "value": 1699622280000,
                "dateOnly": false,
                "timeZoneShift": 0
              },
              "videoId": "TEF9Iizm-PU",
              "viewerRating": "none"
            }
          },
          "totalReplyCount": 0,
          "videoId": "TEF9Iizm-PU"
        }
      },
      {
        "etag": "6yooabKwXgGjt_TyVv2FRwzZx5s",
        "id": "UgxK-fuh4-jqdkkTio94AaABAg",
        "kind": "youtube#commentThread",
        "snippet": {
          "canReply": true,
          "channelId": "UCXnWjmQ8BDE0sDIeZLK5yJg",
          "isPublic": true,
          "topLevelComment": {
            "etag": "zCFdKrLVu5mI0DYV5oq-9IFyetQ",
            "id": "UgxK-fuh4-jqdkkTio94AaABAg",
            "kind": "youtube#comment",
            "snippet": {
              "authorChannelId": {
                "value": "UCC1pugmAhbh6SNRAojVcoeg"
              },
              "authorChannelUrl": "http://www.youtube.com/channel/UCC1pugmAhbh6SNRAojVcoeg",
              "authorDisplayName": "Edith Ng",
              "authorProfileImageUrl": "https://yt3.ggpht.com/ytc/APkrFKZykg1Z1QJiWEYiUrrcykBpI64W4Y29IbQ3W86H=s48-c-k-c0x00ffffff-no-rj",
              "canRate": true,
              "channelId": "UCXnWjmQ8BDE0sDIeZLK5yJg",
              "likeCount": 0,
              "publishedAt": {
                "value": 1699627949000,
                "dateOnly": false,
                "timeZoneShift": 0
              },
              "textDisplay": "<a href=\"about:invalid#zCSafez\"></a><a href=\"about:invalid#zCSafez\"></a>",
              "textOriginal": "",
              "updatedAt": {
                "value": 1699627949000,
                "dateOnly": false,
                "timeZoneShift": 0
              },
              "videoId": "TEF9Iizm-PU",
              "viewerRating": "none"
            }
          },
          "totalReplyCount": 0,
          "videoId": "TEF9Iizm-PU"
        }
      },
      {
        "etag": "IpfBAuX3wOJpfFPNjHJIGl73LMU",
        "id": "UgwOEsVdhtAih3_DY6h4AaABAg",
        "kind": "youtube#commentThread",
        "snippet": {
          "canReply": true,
          "channelId": "UCXnWjmQ8BDE0sDIeZLK5yJg",
          "isPublic": true,
          "topLevelComment": {
            "etag": "qfIZtBp68kn32vLaPeLRmcwZyfQ",
            "id": "UgwOEsVdhtAih3_DY6h4AaABAg",
            "kind": "youtube#comment",
            "snippet": {
              "authorChannelId": {
                "value": "UCDyorzUUSeu_Heg5QIzV7lg"
              },
              "authorChannelUrl": "http://www.youtube.com/channel/UCDyorzUUSeu_Heg5QIzV7lg",
              "authorDisplayName": "Carrie Chong",
              "authorProfileImageUrl": "https://yt3.ggpht.com/ytc/APkrFKbg3L4mLcuEsqaN30N5ZwqpVIKsY0ZYkXRU8YE=s48-c-k-c0x00ffffff-no-rj",
              "canRate": true,
              "channelId": "UCXnWjmQ8BDE0sDIeZLK5yJg",
              "likeCount": 0,
              "publishedAt": {
                "value": 1699633493000,
                "dateOnly": false,
                "timeZoneShift": 0
              },
              "textDisplay": "<a href=\"about:invalid#zCSafez\"></a><a href=\"about:invalid#zCSafez\"></a>",
              "textOriginal": "",
              "updatedAt": {
                "value": 1699633493000,
                "dateOnly": false,
                "timeZoneShift": 0
              },
              "videoId": "TEF9Iizm-PU",
              "viewerRating": "none"
            }
          },
          "totalReplyCount": 0,
          "videoId": "TEF9Iizm-PU"
        }
      }
    ],
    "kind": "youtube#commentThreadListResponse",
    "pageInfo": {
      "resultsPerPage": 100,
      "totalResults": 37
    }
  }