{
    "etag": "imWWjLsApqFZcOA6qxNqQh1L68I",
    "items": [
      {
        "etag": "9D61vdVRUgN7kGfAngj-Udeolx0",
        "id": "Ka62d_3zZNI",
        "kind": "youtube#video",
        "snippet": {
          "categoryId": "24",
          "channelId": "UCiJnCs2K5gP-DXnMxlstC9A",
          "channelTitle": "毛記電視",
          "defaultAudioLanguage": "yue-HK",
          "description": "為咗答謝一班幕後同事喺Happy Flyday嘅努力，Terry同Charlie飛去台灣做跨境外賣仔，即日新鮮空運當地美食返嚟，開慶功宴慰勞一班同事，到底佢哋嘅任務成唔成功呢⋯？\n\n今集介紹嘅Aerostep 更加係門市限定， 想入手就快啲嚟門市啦🤩\n\n網店仲有更多其他款式， 㩒呢度： https://amt.cm/happyflyday_ep6\n\n#100毛 #毛記電視 #AmericanTouristerHK #Aerostep #HappyFlyday #東方昇 #Kneta #Terry #Charlie #FindFunEverywhere\n=========================⁣⁣\nInstagram：100mosthk⁣⁣\nFacebook： 100毛⁣\nYouTube：毛記電視 ​ @100MOSTHongKong  \n=========================⁣⁣",
          "liveBroadcastContent": "none",
          "localized": {
            "description": "為咗答謝一班幕後同事喺Happy Flyday嘅努力，Terry同Charlie飛去台灣做跨境外賣仔，即日新鮮空運當地美食返嚟，開慶功宴慰勞一班同事，到底佢哋嘅任務成唔成功呢⋯？\n\n今集介紹嘅Aerostep 更加係門市限定， 想入手就快啲嚟門市啦🤩\n\n網店仲有更多其他款式， 㩒呢度： https://amt.cm/happyflyday_ep6\n\n#100毛 #毛記電視 #AmericanTouristerHK #Aerostep #HappyFlyday #東方昇 #Kneta #Terry #Charlie #FindFunEverywhere\n=========================⁣⁣\nInstagram：100mosthk⁣⁣\nFacebook： 100毛⁣\nYouTube：毛記電視 ​ @100MOSTHongKong  \n=========================⁣⁣",
            "title": "西門町外賣臭臭鍋上機✈️即日送返香港🇭🇰12小時極限快閃！《Happy Flyday》台灣篇 跨境外賣仔 第六集"
          },
          "publishedAt": {
            "value": 1699617609000,
            "dateOnly": false,
            "timeZoneShift": 0
          },
          "tags": [
            "100毛",
            "毛記電視",
            "東方昇",
            "王嘉偉",
            "Kneta",
            "Dickson",
            "專家",
            "專家Dickson",
            "毛記",
            "國家級任務",
            "圍爐取戀",
            "愛情",
            "戀愛",
            "拍拖",
            "Dating",
            "Speed Dating",
            "癡線佬",
            "terry",
            "Nat Nat",
            "Yvonne",
            "Charlie",
            "Terry遊學團",
            "呢啲Lady"
          ],
          "thumbnails": {
            "default": {
              "height": 90,
              "url": "https://i.ytimg.com/vi/Ka62d_3zZNI/default.jpg",
              "width": 120
            },
            "high": {
              "height": 360,
              "url": "https://i.ytimg.com/vi/Ka62d_3zZNI/hqdefault.jpg",
              "width": 480
            },
            "maxres": {
              "height": 720,
              "url": "https://i.ytimg.com/vi/Ka62d_3zZNI/maxresdefault.jpg",
              "width": 1280
            },
            "medium": {
              "height": 180,
              "url": "https://i.ytimg.com/vi/Ka62d_3zZNI/mqdefault.jpg",
              "width": 320
            },
            "standard": {
              "height": 480,
              "url": "https://i.ytimg.com/vi/Ka62d_3zZNI/sddefault.jpg",
              "width": 640
            }
          },
          "title": "西門町外賣臭臭鍋上機✈️即日送返香港🇭🇰12小時極限快閃！《Happy Flyday》台灣篇 跨境外賣仔 第六集"
        },
        "statistics": {
          "commentCount": 207,
          "favoriteCount": 0,
          "likeCount": 4286,
          "viewCount": 158433
        },
        "topicDetails": {
          "topicCategories": [
            "https://en.wikipedia.org/wiki/Food",
            "https://en.wikipedia.org/wiki/Lifestyle_(sociology)"
          ]
        }
      }
    ],
    "kind": "youtube#videoListResponse",
    "pageInfo": {
      "resultsPerPage": 1,
      "totalResults": 1
    }
  }